catalog_id,begin_utc,peak_utc,end_hhmm_reported,goes_class,satellite,noaa,source_file,source_line_number,raw_line
20170906_7250,2017-09-06T08:57:00Z,2017-09-06T09:10:00Z,0917,X2.2,G13,12673.0,reports/phase2_historical_case/sources/20170906events.txt,45,7250       0857   0910      0917  G13  5   XRA  1-8A      X2.2    1.3E-01   2673
20170906_7340,2017-09-06T11:53:00Z,2017-09-06T12:02:00Z,1210,X9.3,G15,12673.0,reports/phase2_historical_case/sources/20170906events.txt,65,7340 +     1153   1202      1210  G15  5   XRA  1-8A      X9.3    5.7E-01   2673
20170906_7350,2017-09-06T15:51:00Z,2017-09-06T15:56:00Z,1603,M2.5,G15,12673.0,reports/phase2_historical_case/sources/20170906events.txt,82,7350 +     1551   1556      1603  G15  5   XRA  1-8A      M2.5    1.4E-02   2673
20170906_7410,2017-09-06T19:21:00Z,2017-09-06T19:30:00Z,1935,M1.4,G15,12673.0,reports/phase2_historical_case/sources/20170906events.txt,97,7410 +     1921   1930      1935  G15  5   XRA  1-8A      M1.4    8.9E-03   2673
20170906_7450,2017-09-06T23:33:00Z,2017-09-06T23:39:00Z,2344,M1.2,G15,,reports/phase2_historical_case/sources/20170906events.txt,103,7450 +     2333   2339      2344  G15  5   XRA  1-8A      M1.2    5.1E-03       
20170910_9040,2017-09-10T15:35:00Z,2017-09-10T16:06:00Z,1631,X8.2,G15,12673.0,reports/phase2_historical_case/sources/20170910events.txt,49,9040 +     1535   1606      1631  G15  5   XRA  1-8A      X8.2    1.4E00    2673
20220325_2940,2022-03-25T05:02:00Z,2022-03-25T05:26:00Z,0550,M1.4,G17,12974.0,reports/phase2_historical_case/sources/20220325events.txt,24,2940       0502   0526      0550  G17  5   XRA  1-8A      M1.4    2.6E-02   2974
20220328_3390,2022-03-28T10:58:00Z,2022-03-28T11:29:00Z,1145,M4.0,G16,12975.0,reports/phase2_historical_case/sources/20220328events.txt,40,3390 +     1058   1129      1145  G16  5   XRA  1-8A      M4.0    4.4E-02   2975
20220328_3570,2022-03-28T20:49:00Z,2022-03-28T20:59:00Z,2109,M1.1,G16,12975.0,reports/phase2_historical_case/sources/20220328events.txt,100,3570 +     2049   2059      2109  G16  5   XRA  1-8A      M1.1    1.1E-02   2975
20220329_3630,2022-03-29T00:57:00Z,2022-03-29T01:11:00Z,0126,M2.2,G16,12975.0,reports/phase2_historical_case/sources/20220329events.txt,19,3630 +     0057   0111      0126  G16  5   XRA  1-8A      M2.2    2.5E-02   2975
20220329_3640,2022-03-29T01:48:00Z,2022-03-29T01:58:00Z,0203,M1.1,G16,12974.0,reports/phase2_historical_case/sources/20220329events.txt,25,3640 +     0148   0158      0203  G16  5   XRA  1-8A      M1.1    8.0E-03   2974
20220329_3880,2022-03-29T09:17:00Z,2022-03-29T09:38:00Z,0955,M1.0,G16,,reports/phase2_historical_case/sources/20220329events.txt,74,3880       0917   0938      0955  G16  5   XRA  1-8A      M1.0    1.6E-02       
20220329_3990,2022-03-29T21:43:00Z,2022-03-29T21:52:00Z,2157,M1.6,G16,12975.0,reports/phase2_historical_case/sources/20220329events.txt,125,3990 +     2143   2152      2157  G16  5   XRA  1-8A      M1.6    6.3E-03   2975
20220330_4220,2022-03-30T17:21:00Z,2022-03-30T17:37:00Z,1746,X1.3,G16,12975.0,reports/phase2_historical_case/sources/20220330events.txt,61,4220 +     1721   1737      1746  G16  5   XRA  1-8A      X1.3    9.6E-02   2975
20220331_4520,2022-03-31T18:17:00Z,2022-03-31T18:35:00Z,1845,M9.6,G16,12975.0,reports/phase2_historical_case/sources/20220331events.txt,67,4520 +     1817   1835      1845  G16  5   XRA  1-8A      M9.6    7.6E-02   2975
20231214_6640,2023-12-14T07:11:00Z,2023-12-14T07:44:00Z,0800,M5.8,G16,13514.0,reports/phase2_historical_case/sources/20231214events.txt,32,6640 +     0711   0744      0800  G16  5   XRA  1-8A      M5.8    6.6E-02   3514
20231214_6710,2023-12-14T13:29:00Z,2023-12-14T13:48:00Z,1408,M2.3,G16,13514.0,reports/phase2_historical_case/sources/20231214events.txt,56,6710 +     1329   1348      1408  G16  5   XRA  1-8A      M2.3    3.2E-02   3514
20231214_6730,2023-12-14T16:47:00Z,2023-12-14T17:02:00Z,1712,X2.8,G16,13514.0,reports/phase2_historical_case/sources/20231214events.txt,62,6730 +     1647   1702      1712  G16  5   XRA  1-8A      X2.8    1.9E-01   3514
20240508_290,2024-05-08T01:33:00Z,2024-05-08T01:41:00Z,0148,X1.0,G16,13663.0,reports/phase2_historical_case/sources/20240508events.txt,20, 290 +     0133   0141      0148  G16  5   XRA  1-8A      X1.0    4.7E-02   3663
20240508_300,2024-05-08T02:16:00Z,2024-05-08T02:27:00Z,0236,M3.4,G16,13664.0,reports/phase2_historical_case/sources/20240508events.txt,24, 300 +     0216   0227      0236  G16  5   XRA  1-8A      M3.4    2.9E-02   3664
20240508_320,2024-05-08T03:19:00Z,2024-05-08T03:27:00Z,0338,M1.8,G16,13664.0,reports/phase2_historical_case/sources/20240508events.txt,30, 320 +     0319   0327      0338  G16  5   XRA  1-8A      M1.8    4.2E-03   3664
20240508_340,2024-05-08T04:37:00Z,2024-05-08T05:09:00Z,0532,X1.0,G16,13664.0,reports/phase2_historical_case/sources/20240508events.txt,46, 340 +     0437   0509      0532  G16  5   XRA  1-8A      X1.0    6.3E-03   3664
20240508_370,2024-05-08T07:29:00Z,2024-05-08T07:41:00Z,0753,M4.5,G16,13663.0,reports/phase2_historical_case/sources/20240508events.txt,67, 370 +     0729   0741      0753  G16  5   XRA  1-8A      M4.5    5.1E-02   3663
20240508_390,2024-05-08T09:31:00Z,2024-05-08T09:37:00Z,0942,M1.8,G16,13663.0,reports/phase2_historical_case/sources/20240508events.txt,76, 390 +     0931   0937      0942  G16  5   XRA  1-8A      M1.8    1.2E-02   3663
20240508_400,2024-05-08T09:43:00Z,2024-05-08T09:48:00Z,0956,M2.1,G16,13663.0,reports/phase2_historical_case/sources/20240508events.txt,80, 400 +     0943   0948      0956  G16  5   XRA  1-8A      M2.1    1.6E-02   3663
20240508_430,2024-05-08T11:09:00Z,2024-05-08T11:22:00Z,1126,M4.1,G16,13663.0,reports/phase2_historical_case/sources/20240508events.txt,88, 430 +     1109   1122      1126  G16  5   XRA  1-8A      M4.1    1.4E-02   3663
20240508_520,2024-05-08T17:32:00Z,2024-05-08T17:53:00Z,1800,M7.9,G16,13664.0,reports/phase2_historical_case/sources/20240508events.txt,122, 520 +     1732   1753      1800  G16  5   XRA  1-8A      M7.9    5.8E-02   3664
20240508_540,2024-05-08T18:14:00Z,2024-05-08T18:36:00Z,1851,M2.9,G16,13663.0,reports/phase2_historical_case/sources/20240508events.txt,131, 540 +     1814   1836      1851  G16  5   XRA  1-8A      M2.9    7.4E-03   3663
20240508_550,2024-05-08T19:15:00Z,2024-05-08T19:21:00Z,1929,M2.0,G16,13664.0,reports/phase2_historical_case/sources/20240508events.txt,138, 550 +     1915   1921      1929  G16  5   XRA  1-8A      M2.0    1.6E-02   3664
20240508_590,2024-05-08T20:27:00Z,2024-05-08T20:34:00Z,2039,M1.7,G16,13664.0,reports/phase2_historical_case/sources/20240508events.txt,145, 590 +     2027   2034      2039  G16  5   XRA  1-8A      M1.7    1.2E-02   3664
20240508_600,2024-05-08T21:08:00Z,2024-05-08T21:40:00Z,2310,X1.0,G16,13664.0,reports/phase2_historical_case/sources/20240508events.txt,147, 600 +     2108   2140      2310  G16  5   XRA  1-8A      X1.0    5.3E-01   3664
20240508_620,2024-05-08T21:08:00Z,2024-05-08T21:40:00Z,0307,X1.0,G16,13664.0,reports/phase2_historical_case/sources/20240508events.txt,149, 620       2108   2140      0307  G16  5   XRA  1-8A      X1.0    2.0E-01   3664
20240508_920,2024-05-08T22:05:00Z,2024-05-08T22:27:00Z,2312,M9.8,G16,13664.0,reports/phase2_historical_case/sources/20240508events.txt,160, 920 +     2205   2227      2312  G16  5   XRA  1-8A      M9.8    3.2E-01   3664
20240509_750,2024-05-09T03:07:00Z,2024-05-09T03:17:00Z,0323,M4.0,G16,13664.0,reports/phase2_historical_case/sources/20240509events.txt,43, 750 +     0307   0317      0323  G16  5   XRA  1-8A      M4.0    8.7E-03   3664
20240509_900,2024-05-09T03:23:00Z,2024-05-09T03:32:00Z,0345,M4.5,G16,13664.0,reports/phase2_historical_case/sources/20240509events.txt,46, 900       0323   0332      0345  G16  5   XRA  1-8A      M4.5    5.3E-02   3664
20240509_760,2024-05-09T04:44:00Z,2024-05-09T04:49:00Z,0455,M1.7,G16,13664.0,reports/phase2_historical_case/sources/20240509events.txt,56, 760 +     0444   0449      0455  G16  5   XRA  1-8A      M1.7    4.8E-03   3664
20240509_790,2024-05-09T06:03:00Z,2024-05-09T06:13:00Z,0624,M2.3,G16,13664.0,reports/phase2_historical_case/sources/20240509events.txt,66, 790 +     0603   0613      0624  G16  5   XRA  1-8A      M2.3    5.0E-03   3664
20240509_840,2024-05-09T08:45:00Z,2024-05-09T09:13:00Z,0936,X2.2,G16,13664.0,reports/phase2_historical_case/sources/20240509events.txt,85, 840 +     0845   0913      0936  G16  5   XRA  1-8A      X2.2    4.4E-01   3664
20240509_860,2024-05-09T11:52:00Z,2024-05-09T11:56:00Z,1202,M3.1,G16,13664.0,reports/phase2_historical_case/sources/20240509events.txt,106, 860 +     1152   1156      1202  G16  5   XRA  1-8A      M3.1    1.4E-02   3664
20240509_870,2024-05-09T12:05:00Z,2024-05-09T12:12:00Z,1220,M2.9,G16,13664.0,reports/phase2_historical_case/sources/20240509events.txt,109, 870 +     1205   1212      1220  G16  5   XRA  1-8A      M2.9    2.4E-02   3664
20240509_930,2024-05-09T13:16:00Z,2024-05-09T13:23:00Z,1329,M3.7,G16,13664.0,reports/phase2_historical_case/sources/20240509events.txt,113, 930 +     1316   1323      1329  G16  5   XRA  1-8A      M3.7    1.9E-02   3664
20240509_1020,2024-05-09T17:23:00Z,2024-05-09T17:44:00Z,1800,X1.1,G16,13664.0,reports/phase2_historical_case/sources/20240509events.txt,136,1020 +     1723   1744      1800  G16  5   XRA  1-8A      X1.1    1.6E-01   3664
20240509_1090,2024-05-09T21:15:00Z,2024-05-09T21:21:00Z,2125,M1.0,G16,13663.0,reports/phase2_historical_case/sources/20240509events.txt,157,1090       2115   2121      2125  G16  5   XRA  1-8A      M1.0    5.9E-03   3663
20240509_1110,2024-05-09T22:08:00Z,2024-05-09T22:15:00Z,2224,M1.0,G16,,reports/phase2_historical_case/sources/20240509events.txt,163,1110 +     2208   2215      2224  G16  5   XRA  1-8A      M1.0    2.2E-03       
20240509_1180,2024-05-09T22:24:00Z,2024-05-09T22:41:00Z,2247,M2.6,G16,,reports/phase2_historical_case/sources/20240509events.txt,167,1180       2224   2241      2247  G16  5   XRA  1-8A      M2.6    4.0E-03       
20240509_1120,2024-05-09T23:04:00Z,2024-05-09T23:08:00Z,2313,M1.2,G16,13664.0,reports/phase2_historical_case/sources/20240509events.txt,176,1120 +     2304   2308      2313  G16  5   XRA  1-8A      M1.2    3.0E-03   3664
20240509_1140,2024-05-09T23:44:00Z,2024-05-09T23:51:00Z,2355,M1.5,G16,13664.0,reports/phase2_historical_case/sources/20240509events.txt,185,1140 +     2344   2351      2355  G16  5   XRA  1-8A      M1.5    3.5E-03   3664
20240510_1160,2024-05-10T00:10:00Z,2024-05-10T00:13:00Z,0022,M1.3,G16,13664.0,reports/phase2_historical_case/sources/20240510events.txt,21,1160 +     0010   0013      0022  G16  5   XRA  1-8A      M1.3    9.6E-03   3664
20240510_1260,2024-05-10T03:15:00Z,2024-05-10T03:29:00Z,0340,M1.4,G16,13664.0,reports/phase2_historical_case/sources/20240510events.txt,53,1260 +     0315   0329      0340  G16  5   XRA  1-8A      M1.4    4.7E-03   3664
20240510_1310,2024-05-10T06:27:00Z,2024-05-10T06:54:00Z,0706,X3.9,G16,13664.0,reports/phase2_historical_case/sources/20240510events.txt,75,1310 +     0627   0654      0706  G16  5   XRA  1-8A      X3.9    4.4E-01   3664
20240510_1380,2024-05-10T10:10:00Z,2024-05-10T10:14:00Z,1019,M2.2,G16,13664.0,reports/phase2_historical_case/sources/20240510events.txt,97,1380 +     1010   1014      1019  G16  5   XRA  1-8A      M2.2    1.0E-02   3664
20240510_1470,2024-05-10T13:58:00Z,2024-05-10T14:11:00Z,1423,M5.9,G16,13664.0,reports/phase2_historical_case/sources/20240510events.txt,122,1470 +     1358   1411      1423  G16  5   XRA  1-8A      M5.9    5.6E-02   3664
20240510_1570,2024-05-10T18:26:00Z,2024-05-10T18:32:00Z,1838,M1.1,G16,13664.0,reports/phase2_historical_case/sources/20240510events.txt,142,1570       1826   1832      1838  G16  5   XRA  1-8A      M1.1    3.3E-03   3664
20240510_1600,2024-05-10T18:38:00Z,2024-05-10T18:48:00Z,1857,M1.7,G16,13664.0,reports/phase2_historical_case/sources/20240510events.txt,144,1600       1838   1848      1857  G16  5   XRA  1-8A      M1.7    2.1E-02   3664
20240510_1580,2024-05-10T18:57:00Z,2024-05-10T19:05:00Z,1910,M2.0,G16,13664.0,reports/phase2_historical_case/sources/20240510events.txt,151,1580       1857   1905      1910  G16  5   XRA  1-8A      M2.0    4.6E-03   3664
20240510_1560,2024-05-10T19:35:00Z,2024-05-10T19:53:00Z,1956,M1.1,G16,13664.0,reports/phase2_historical_case/sources/20240510events.txt,155,1560 +     1935   1953      1956  G16  5   XRA  1-8A      M1.1    1.6E-02   3664
20240510_1590,2024-05-10T19:56:00Z,2024-05-10T20:03:00Z,2018,M1.9,G16,13664.0,reports/phase2_historical_case/sources/20240510events.txt,157,1590       1956   2003      2018  G16  5   XRA  1-8A      M1.9    2.2E-02   3664
20240510_1640,2024-05-10T20:59:00Z,2024-05-10T21:08:00Z,2112,M3.8,G16,13664.0,reports/phase2_historical_case/sources/20240510events.txt,163,1640 +     2059   2108      2112  G16  5   XRA  1-8A      M3.8    1.8E-02   3664
20240511_1680,2024-05-11T01:10:00Z,2024-05-11T01:23:00Z,0139,X5.8,G16,13664.0,reports/phase2_historical_case/sources/20240511events.txt,19,1680 +     0110   0123      0139  G16  5   XRA  1-8A      X5.8    6.4E-01   3664
20240511_1840,2024-05-11T10:03:00Z,2024-05-11T10:18:00Z,1034,M3.1,G16,13664.0,reports/phase2_historical_case/sources/20240511events.txt,72,1840 +     1003   1018      1034  G16  5   XRA  1-8A      M3.1    4.6E-02   3664
20240511_1850,2024-05-11T10:53:00Z,2024-05-11T10:56:00Z,1100,M1.6,G16,13664.0,reports/phase2_historical_case/sources/20240511events.txt,76,1850 +     1053   1056      1100  G16  5   XRA  1-8A      M1.6    6.2E-03   3664
20240511_1860,2024-05-11T11:15:00Z,2024-05-11T11:44:00Z,1205,X1.5,G16,13664.0,reports/phase2_historical_case/sources/20240511events.txt,79,1860 +     1115   1144      1205  G16  5   XRA  1-8A      X1.5    2.6E-01   3664
20240511_1890,2024-05-11T13:45:00Z,2024-05-11T13:49:00Z,1408,M1.7,G16,13664.0,reports/phase2_historical_case/sources/20240511events.txt,89,1890 +     1345   1349      1408  G16  5   XRA  1-8A      M1.7    2.1E-02   3664
20240511_1900,2024-05-11T14:46:00Z,2024-05-11T15:25:00Z,1552,M8.8,G16,13664.0,reports/phase2_historical_case/sources/20240511events.txt,94,1900 +     1446   1525      1552  G16  5   XRA  1-8A      M8.8    2.0E-01   3664
20240511_2000,2024-05-11T20:32:00Z,2024-05-11T20:41:00Z,2047,M1.2,G16,13664.0,reports/phase2_historical_case/sources/20240511events.txt,129,2000 +     2032   2041      2047  G16  5   XRA  1-8A      M1.2    8.0E-03   3664
20240514_2870,2024-05-14T02:03:00Z,2024-05-14T02:09:00Z,0219,X1.7,G16,13664.0,reports/phase2_historical_case/sources/20240514events.txt,20,2870 +     0203   0209      0219  G16  5   XRA  1-8A      X1.7    1.1E-01   3664
20240514_2970,2024-05-14T12:40:00Z,2024-05-14T12:55:00Z,1305,X1.2,G16,13664.0,reports/phase2_historical_case/sources/20240514events.txt,61,2970 +     1240   1255      1305  G16  5   XRA  1-8A      X1.2    1.0E-01   3664
20240514_3010,2024-05-14T16:46:00Z,2024-05-14T16:51:00Z,1702,X8.7,G16,13664.0,reports/phase2_historical_case/sources/20240514events.txt,79,3010 +     1646   1651      1702  G16  5   XRA  1-8A      X8.7    5.6E-01   3664
20240514_3040,2024-05-14T17:25:00Z,2024-05-14T17:38:00Z,1818,M4.4,G16,13682.0,reports/phase2_historical_case/sources/20240514events.txt,98,3040 +     1725   1738      1818  G16  5   XRA  1-8A      M4.4    1.2E-01   3682
20241001_4470,2024-10-01T14:41:00Z,2024-10-01T14:52:00Z,1456,M1.0,G16,13843.0,reports/phase2_historical_case/sources/20241001events.txt,51,4470 +     1441   1452      1456  G16  5   XRA  1-8A      M1.0    8.6E-03   3843
20241001_4510,2024-10-01T18:52:00Z,2024-10-01T19:17:00Z,1937,M1.5,G16,13842.0,reports/phase2_historical_case/sources/20241001events.txt,66,4510 +     1852   1917      1937  G16  5   XRA  1-8A      M1.5    3.3E-02   3842
20241001_4540,2024-10-01T21:58:00Z,2024-10-01T22:20:00Z,2229,X7.1,G16,13842.0,reports/phase2_historical_case/sources/20241001events.txt,78,4540 +     2158   2220      2229  G16  5   XRA  1-8A      X7.1    5.2E-01   3842
20241003_5130,2024-10-03T02:23:00Z,2024-10-03T02:34:00Z,0248,M1.1,G16,13841.0,reports/phase2_historical_case/sources/20241003events.txt,22,5130 +     0223   0234      0248  G16  5   XRA  1-8A      M1.1    4.6E-03   3841
20241003_5140,2024-10-03T03:22:00Z,2024-10-03T03:41:00Z,0359,M1.5,G16,13842.0,reports/phase2_historical_case/sources/20241003events.txt,27,5140 +     0322   0341      0359  G16  5   XRA  1-8A      M1.5    2.8E-02   3842
20241003_5450,2024-10-03T08:10:00Z,2024-10-03T08:28:00Z,0830,M1.5,G16,13841.0,reports/phase2_historical_case/sources/20241003events.txt,70,5450       0810   0828      0830  G16  5   XRA  1-8A      M1.5    7.2E-03   3841
20241003_5400,2024-10-03T08:30:00Z,2024-10-03T08:36:00Z,0841,M1.5,G16,13842.0,reports/phase2_historical_case/sources/20241003events.txt,79,5400 +     0830   0836      0841  G16  5   XRA  1-8A      M1.5    1.1E-02   3842
20241003_5530,2024-10-03T12:08:00Z,2024-10-03T12:18:00Z,1227,X9.0,G16,13842.0,reports/phase2_historical_case/sources/20241003events.txt,96,5530 +     1208   1218      1227  G16  5   XRA  1-8A      X9.0    4.6E-01   3842
20241003_5550,2024-10-03T17:18:00Z,2024-10-03T17:21:00Z,1727,M1.5,G16,13844.0,reports/phase2_historical_case/sources/20241003events.txt,118,5550       1718   1721      1727  G16  5   XRA  1-8A      M1.5    8.4E-03   3844
20241003_5610,2024-10-03T20:09:00Z,2024-10-03T20:28:00Z,2040,M6.7,G16,13843.0,reports/phase2_historical_case/sources/20241003events.txt,136,5610       2009   2028      2040  G16  5   XRA  1-8A      M6.7    7.8E-02   3843
20241003_5640,2024-10-03T21:39:00Z,2024-10-03T21:41:00Z,2148,M2.3,G16,13844.0,reports/phase2_historical_case/sources/20241003events.txt,145,5640       2139   2141      2148  G16  5   XRA  1-8A      M2.3    9.7E-03   3844
20241003_5670,2024-10-03T23:25:00Z,2024-10-03T23:28:00Z,2330,M1.1,G16,13842.0,reports/phase2_historical_case/sources/20241003events.txt,154,5670       2325   2328      2330  G16  5   XRA  1-8A      M1.1    3.3E-03   3842
