source_row,processed_file,target_si,mc_si,onnx_si,pytorch_si,activity_band_target,mc_si_residual,mc_si_absolute_error,onnx_si_residual,onnx_si_absolute_error,train_mean_si
1645,hmi.m_45s.2025.11.08_00_01_30_TAI.magnetogram_processed.npy,2.0533144474029541,2.068228006362915,1.794657826423645,1.7946577072143555,high,0.014913558959960938,0.014913558959960938,-0.25865662097930908,0.25865662097930908,1.7683212412299711
99,hmi.m_45s.2016.08.02_00_01_30_TAI.magnetogram_processed.npy,1.3513028621673584,1.4190940856933594,1.3714486360549927,1.3714485168457031,low,0.067791223526000977,0.067791223526000977,0.020145773887634277,0.020145773887634277,1.7683212412299711
1253,hmi.m_45s.2024.05.10_00_01_30_TAI.magnetogram_processed.npy,2.1192550659179688,2.0352358818054199,1.7556434869766235,1.7556436061859131,high,-0.084019184112548828,0.084019184112548828,-0.36361157894134521,0.36361157894134521,1.7683212412299711
555,hmi.m_45s.2018.12.05_00_01_30_TAI.magnetogram_processed.npy,1.274031400680542,1.3974292278289795,1.3639274835586548,1.3639274835586548,low,0.1233978271484375,0.1233978271484375,0.089896082878112793,0.089896082878112793,1.7683212412299711
1465,hmi.m_45s.2025.02.25_00_01_30_TAI.magnetogram_processed.npy,2.2569715976715088,2.0725219249725342,1.7339588403701782,1.7339588403701782,high,-0.18444967269897461,0.18444967269897461,-0.52301275730133057,0.52301275730133057,1.7683212412299711
1136,hmi.m_45s.2023.10.31_00_01_30_TAI.magnetogram_processed.npy,1.9813179969787598,2.0440666675567627,1.7251635789871216,1.725163459777832,high,0.06274867057800293,0.06274867057800293,-0.25615441799163818,0.25615441799163818,1.7683212412299711
1065,hmi.m_45s.2023.06.20_00_01_30_TAI.magnetogram_processed.npy,2.1776795387268066,2.1124317646026611,1.8503154516220093,1.8503158092498779,high,-0.065247774124145508,0.065247774124145508,-0.32736408710479736,0.32736408710479736,1.7683212412299711
1756,hmi.m_45s.2026.04.06_00_01_30_TAI.magnetogram_processed.npy,1.882094144821167,1.7920757532119751,1.5583304166793823,1.5583302974700928,high,-0.090018391609191895,0.090018391609191895,-0.32376372814178467,0.32376372814178467,1.7683212412299711
451,hmi.m_45s.2018.06.17_00_01_30_TAI.magnetogram_processed.npy,1.416623592376709,1.4592388868331909,1.3907482624053955,1.3907486200332642,medium,0.042615294456481934,0.042615294456481934,-0.025875329971313477,0.025875329971313477,1.7683212412299711
980,hmi.m_45s.2023.01.25_00_01_30_TAI.magnetogram_processed.npy,1.9982576370239258,1.9374866485595703,1.6552499532699585,1.6552503108978271,high,-0.060770988464355469,0.060770988464355469,-0.34300768375396729,0.34300768375396729,1.7683212412299711
971,hmi.m_45s.2023.01.09_00_01_30_TAI.magnetogram_processed.npy,2.1867036819458008,2.074251651763916,1.7844030857086182,1.7844030857086182,high,-0.11245203018188477,0.11245203018188477,-0.40230059623718262,0.40230059623718262,1.7683212412299711
101,hmi.m_45s.2016.08.07_00_01_30_TAI.magnetogram_processed.npy,1.3957083225250244,1.5788977146148682,1.4291226863861084,1.4291226863861084,low,0.18318939208984375,0.18318939208984375,0.033414363861083984,0.033414363861083984,1.7683212412299711
682,hmi.m_45s.2021.08.05_00_01_30_TAI.magnetogram_processed.npy,1.4149665832519531,1.3816777467727661,1.3596758842468262,1.3596755266189575,medium,-0.033288836479187012,0.033288836479187012,-0.055290699005126953,0.055290699005126953,1.7683212412299711
477,hmi.m_45s.2018.07.26_00_01_30_TAI.magnetogram_processed.npy,1.411890983581543,1.3137040138244629,1.3396435976028442,1.3396439552307129,medium,-0.098186969757080078,0.098186969757080078,-0.07224738597869873,0.07224738597869873,1.7683212412299711
961,hmi.m_45s.2022.12.19_00_01_30_TAI.magnetogram_processed.npy,1.877206563949585,2.0050194263458252,1.7093528509140015,1.7093534469604492,high,0.12781286239624023,0.12781286239624023,-0.1678537130355835,0.1678537130355835,1.7683212412299711
1512,hmi.m_45s.2025.05.08_00_01_30_TAI.magnetogram_processed.npy,2.0009100437164307,1.8549296855926514,1.6261882781982422,1.6261885166168213,high,-0.1459803581237793,0.1459803581237793,-0.37472176551818848,0.37472176551818848,1.7683212412299711
966,hmi.m_45s.2023.01.01_00_01_30_TAI.magnetogram_processed.npy,1.9275903701782227,1.9511646032333374,1.6874362230300903,1.6874363422393799,high,0.023574233055114746,0.023574233055114746,-0.24015414714813232,0.24015414714813232,1.7683212412299711
59,hmi.m_45s.2016.05.18_00_01_30_TAI.magnetogram_processed.npy,1.5886783599853516,1.6798820495605469,1.4947675466537476,1.4947676658630371,medium,0.091203689575195312,0.091203689575195312,-0.093910813331604004,0.093910813331604004,1.7683212412299711
85,hmi.m_45s.2016.07.05_00_01_30_TAI.magnetogram_processed.npy,1.3241410255432129,1.4726243019104004,1.3765952587127686,1.3765952587127686,low,0.1484832763671875,0.1484832763671875,0.052454233169555664,0.052454233169555664,1.7683212412299711
273,hmi.m_45s.2017.06.17_00_01_30_TAI.magnetogram_processed.npy,1.4247238636016846,1.5213521718978882,1.4443544149398804,1.444354772567749,medium,0.096628308296203613,0.096628308296203613,0.019630551338195801,0.019630551338195801,1.7683212412299711
1306,hmi.m_45s.2024.07.28_00_01_30_TAI.magnetogram_processed.npy,2.2808194160461426,2.2997329235076904,1.907862663269043,1.9078627824783325,high,0.018913507461547852,0.018913507461547852,-0.37295675277709961,0.37295675277709961,1.7683212412299711
1381,hmi.m_45s.2024.11.22_00_01_30_TAI.magnetogram_processed.npy,1.9715011119842529,2.2000312805175781,1.771309494972229,1.7713093757629395,high,0.2285301685333252,0.2285301685333252,-0.20019161701202393,0.20019161701202393,1.7683212412299711
68,hmi.m_45s.2016.06.05_00_01_30_TAI.magnetogram_processed.npy,1.4080345630645752,1.5076059103012085,1.425520658493042,1.4255204200744629,low,0.099571347236633301,0.099571347236633301,0.017486095428466797,0.017486095428466797,1.7683212412299711
1675,hmi.m_45s.2025.12.13_00_01_30_TAI.magnetogram_processed.npy,1.7235636711120605,1.7609360218048096,1.5441442728042603,1.5441445112228394,medium,0.037372350692749023,0.037372350692749023,-0.17941939830780029,0.17941939830780029,1.7683212412299711
748,hmi.m_45s.2021.11.23_00_01_30_TAI.magnetogram_processed.npy,1.3445377349853516,1.5372235774993896,1.3906518220901489,1.3906519412994385,low,0.19268584251403809,0.19268584251403809,0.046114087104797363,0.046114087104797363,1.7683212412299711
724,hmi.m_45s.2021.10.12_00_01_30_TAI.magnetogram_processed.npy,1.3880252838134766,1.5273387432098389,1.4323714971542358,1.432371973991394,low,0.1393134593963623,0.1393134593963623,0.044346213340759277,0.044346213340759277,1.7683212412299711
885,hmi.m_45s.2022.08.10_00_01_30_TAI.magnetogram_processed.npy,1.7548441886901855,1.7381317615509033,1.5745035409927368,1.5745036602020264,high,-0.016712427139282227,0.016712427139282227,-0.18034064769744873,0.18034064769744873,1.7683212412299711
533,hmi.m_45s.2018.10.26_00_01_30_TAI.magnetogram_processed.npy,1.2508392333984375,1.3524928092956543,1.3503321409225464,1.350332498550415,low,0.1016535758972168,0.1016535758972168,0.099492907524108887,0.099492907524108887,1.7683212412299711
1567,hmi.m_45s.2025.07.28_00_01_30_TAI.magnetogram_processed.npy,2.0891845226287842,2.1099910736083984,1.800808310508728,1.8008081912994385,high,0.020806550979614258,0.020806550979614258,-0.28837621212005615,0.28837621212005615,1.7683212412299711
466,hmi.m_45s.2018.07.18_00_01_30_TAI.magnetogram_processed.npy,1.435321569442749,1.4086471796035767,1.3679109811782837,1.3679113388061523,medium,-0.026674389839172363,0.026674389839172363,-0.067410588264465332,0.067410588264465332,1.7683212412299711
1448,hmi.m_45s.2025.02.07_00_01_30_TAI.magnetogram_processed.npy,2.2922098636627197,2.0561642646789551,1.7158166170120239,1.7158167362213135,high,-0.23604559898376465,0.23604559898376465,-0.5763932466506958,0.5763932466506958,1.7683212412299711
633,hmi.m_45s.2021.04.27_00_01_30_TAI.magnetogram_processed.npy,1.5226006507873535,1.555612325668335,1.4469715356826782,1.4469718933105469,medium,0.033011674880981445,0.033011674880981445,-0.075629115104675293,0.075629115104675293,1.7683212412299711
546,hmi.m_45s.2018.11.17_00_01_30_TAI.magnetogram_processed.npy,1.2875139713287354,1.4502561092376709,1.3712871074676514,1.3712873458862305,low,0.16274213790893555,0.16274213790893555,0.083773136138916016,0.083773136138916016,1.7683212412299711
595,hmi.m_45s.2021.02.27_00_01_30_TAI.magnetogram_processed.npy,1.6812920570373535,1.4890252351760864,1.3818304538726807,1.3818304538726807,medium,-0.19226682186126709,0.19226682186126709,-0.29946160316467285,0.29946160316467285,1.7683212412299711
1685,hmi.m_45s.2025.12.27_00_01_30_TAI.magnetogram_processed.npy,2.1649718284606934,2.0577168464660645,1.7816972732543945,1.7816979885101318,high,-0.10725498199462891,0.10725498199462891,-0.38327455520629883,0.38327455520629883,1.7683212412299711
1352,hmi.m_45s.2024.10.07_00_01_30_TAI.magnetogram_processed.npy,2.3447811603546143,2.4236502647399902,1.9815164804458618,1.9815170764923096,high,0.078869104385375977,0.078869104385375977,-0.36326467990875244,0.36326467990875244,1.7683212412299711
1196,hmi.m_45s.2024.02.20_00_01_30_TAI.magnetogram_processed.npy,2.0726561546325684,1.7746803760528564,1.6078612804412842,1.6078616380691528,high,-0.29797577857971191,0.29797577857971191,-0.46479487419128418,0.46479487419128418,1.7683212412299711
626,hmi.m_45s.2021.04.14_00_01_30_TAI.magnetogram_processed.npy,1.477283239364624,1.3875353336334229,1.364472508430481,1.3644720315933228,medium,-0.089747905731201172,0.089747905731201172,-0.11281073093414307,0.11281073093414307,1.7683212412299711
617,hmi.m_45s.2021.04.03_00_01_30_TAI.magnetogram_processed.npy,1.4928042888641357,1.3527901172637939,1.3384968042373657,1.3384966850280762,medium,-0.1400141716003418,0.1400141716003418,-0.15430748462677002,0.15430748462677002,1.7683212412299711
761,hmi.m_45s.2021.12.11_00_01_30_TAI.magnetogram_processed.npy,1.2998342514038086,1.4163932800292969,1.3575048446655273,1.3575046062469482,low,0.11655902862548828,0.11655902862548828,0.05767059326171875,0.05767059326171875,1.7683212412299711
1152,hmi.m_45s.2023.12.08_00_01_30_TAI.magnetogram_processed.npy,1.8188118934631348,1.9963365793228149,1.6613016128540039,1.6613017320632935,high,0.17752468585968018,0.17752468585968018,-0.15751028060913086,0.15751028060913086,1.7683212412299711
1209,hmi.m_45s.2024.03.04_00_01_30_TAI.magnetogram_processed.npy,2.0141005516052246,1.7722415924072266,1.597143292427063,1.5971435308456421,high,-0.24185895919799805,0.24185895919799805,-0.41695725917816162,0.41695725917816162,1.7683212412299711
841,hmi.m_45s.2022.05.17_00_01_30_TAI.magnetogram_processed.npy,1.9435763359069824,2.0040507316589355,1.7493836879730225,1.7493836879730225,high,0.060474395751953125,0.060474395751953125,-0.19419264793395996,0.19419264793395996,1.7683212412299711
663,hmi.m_45s.2021.07.02_00_01_30_TAI.magnetogram_processed.npy,1.6411066055297852,1.6319465637207031,1.5212482213973999,1.521248459815979,medium,-0.0091600418090820312,0.0091600418090820312,-0.11985838413238525,0.11985838413238525,1.7683212412299711
705,hmi.m_45s.2021.09.23_00_01_30_TAI.magnetogram_processed.npy,1.4998435974121094,1.5873038768768311,1.4838539361953735,1.4838539361953735,medium,0.08746027946472168,0.08746027946472168,-0.01598966121673584,0.01598966121673584,1.7683212412299711
1472,hmi.m_45s.2025.03.03_00_01_30_TAI.magnetogram_processed.npy,2.3566722869873047,2.1964831352233887,1.7914481163024902,1.7914483547210693,high,-0.16018915176391602,0.16018915176391602,-0.56522417068481445,0.56522417068481445,1.7683212412299711
65,hmi.m_45s.2016.06.01_00_01_30_TAI.magnetogram_processed.npy,1.4202415943145752,1.5735578536987305,1.4308940172195435,1.430894136428833,medium,0.15331625938415527,0.15331625938415527,0.010652422904968262,0.010652422904968262,1.7683212412299711
876,hmi.m_45s.2022.07.25_00_01_30_TAI.magnetogram_processed.npy,1.6164898872375488,1.6698195934295654,1.5204930305480957,1.5204932689666748,medium,0.053329706192016602,0.053329706192016602,-0.095996856689453125,0.095996856689453125,1.7683212412299711
348,hmi.m_45s.2017.11.30_00_01_30_TAI.magnetogram_processed.npy,1.2632846832275391,1.3867051601409912,1.3467961549758911,1.3467962741851807,low,0.12342047691345215,0.12342047691345215,0.083511471748352051,0.083511471748352051,1.7683212412299711
1400,hmi.m_45s.2024.12.12_00_01_30_TAI.magnetogram_processed.npy,2.0725727081298828,2.0985207557678223,1.7771209478378296,1.7771207094192505,high,0.025948047637939453,0.025948047637939453,-0.29545176029205322,0.29545176029205322,1.7683212412299711
1700,hmi.m_45s.2026.01.26_00_01_30_TAI.magnetogram_processed.npy,2.2564470767974854,2.0725569725036621,1.7726871967315674,1.7726880311965942,high,-0.18389010429382324,0.18389010429382324,-0.48375988006591797,0.48375988006591797,1.7683212412299711
363,hmi.m_45s.2018.01.04_00_01_30_TAI.magnetogram_processed.npy,1.3659656047821045,1.3722841739654541,1.3542138338088989,1.3542137145996094,low,0.0063185691833496094,0.0063185691833496094,-0.011751770973205566,0.011751770973205566,1.7683212412299711
1260,hmi.m_45s.2024.05.26_00_01_30_TAI.magnetogram_processed.npy,1.7862141132354736,1.8350540399551392,1.5775758028030396,1.5775763988494873,high,0.048839926719665527,0.048839926719665527,-0.20863831043243408,0.20863831043243408,1.7683212412299711
1031,hmi.m_45s.2023.04.18_00_01_30_TAI.magnetogram_processed.npy,2.0826637744903564,2.0152983665466309,1.7631769180297852,1.7631770372390747,high,-0.067365407943725586,0.067365407943725586,-0.31948685646057129,0.31948685646057129,1.7683212412299711
1221,hmi.m_45s.2024.03.26_00_01_30_TAI.magnetogram_processed.npy,2.4287819862365723,2.1711733341217041,1.8402434587478638,1.8402433395385742,high,-0.25760865211486816,0.25760865211486816,-0.5885385274887085,0.5885385274887085,1.7683212412299711
1738,hmi.m_45s.2026.03.16_00_01_30_TAI.magnetogram_processed.npy,1.9482195377349854,1.8349368572235107,1.5275489091873169,1.5275490283966064,high,-0.11328268051147461,0.11328268051147461,-0.42067062854766846,0.42067062854766846,1.7683212412299711
972,hmi.m_45s.2023.01.12_00_01_30_TAI.magnetogram_processed.npy,2.2483646869659424,2.0806078910827637,1.8203436136245728,1.8203439712524414,high,-0.16775679588317871,0.16775679588317871,-0.42802107334136963,0.42802107334136963,1.7683212412299711
1028,hmi.m_45s.2023.04.13_00_01_30_TAI.magnetogram_processed.npy,2.0414233207702637,1.9526097774505615,1.7409948110580444,1.7409951686859131,high,-0.088813543319702148,0.088813543319702148,-0.30042850971221924,0.30042850971221924,1.7683212412299711
1559,hmi.m_45s.2025.07.03_00_01_30_TAI.magnetogram_processed.npy,1.9172906875610352,1.9359153509140015,1.6386133432388306,1.6386137008666992,high,0.018624663352966309,0.018624663352966309,-0.27867734432220459,0.27867734432220459,1.7683212412299711
1172,hmi.m_45s.2024.01.15_00_01_30_TAI.magnetogram_processed.npy,2.2366642951965332,2.2141940593719482,1.8432354927062988,1.8432357311248779,high,-0.022470235824584961,0.022470235824584961,-0.39342880249023438,0.39342880249023438,1.7683212412299711
818,hmi.m_45s.2022.04.05_00_01_30_TAI.magnetogram_processed.npy,1.9301354885101318,1.8354091644287109,1.5886881351470947,1.5886881351470947,high,-0.094726324081420898,0.094726324081420898,-0.34144735336303711,0.34144735336303711,1.7683212412299711
394,hmi.m_45s.2018.03.30_00_01_30_TAI.magnetogram_processed.npy,1.6829490661621094,1.3965641260147095,1.3536974191665649,1.3536975383758545,medium,-0.2863849401473999,0.2863849401473999,-0.32925164699554443,0.32925164699554443,1.7683212412299711
835,hmi.m_45s.2022.05.05_00_01_30_TAI.magnetogram_processed.npy,1.6541838645935059,1.7403303384780884,1.5506371259689331,1.5506367683410645,medium,0.08614647388458252,0.08614647388458252,-0.10354673862457275,0.10354673862457275,1.7683212412299711
131,hmi.m_45s.2016.10.05_00_01_30_TAI.magnetogram_processed.npy,1.4796793460845947,1.6189594268798828,1.4773197174072266,1.4773194789886475,medium,0.13928008079528809,0.13928008079528809,-0.0023596286773681641,0.0023596286773681641,1.7683212412299711
1192,hmi.m_45s.2024.02.15_00_01_30_TAI.magnetogram_processed.npy,2.3752093315124512,2.1309876441955566,1.8014122247695923,1.8014123439788818,high,-0.24422168731689453,0.24422168731689453,-0.57379710674285889,0.57379710674285889,1.7683212412299711
316,hmi.m_45s.2017.10.01_00_01_30_TAI.magnetogram_processed.npy,1.598513126373291,1.6666771173477173,1.5185470581054688,1.5185471773147583,medium,0.06816399097442627,0.06816399097442627,-0.079966068267822266,0.079966068267822266,1.7683212412299711
480,hmi.m_45s.2018.08.06_00_01_30_TAI.magnetogram_processed.npy,1.4463722705841064,1.3585894107818604,1.3653489351272583,1.3653490543365479,medium,-0.087782859802246094,0.087782859802246094,-0.081023335456848145,0.081023335456848145,1.7683212412299711
307,hmi.m_45s.2017.08.28_00_01_30_TAI.magnetogram_processed.npy,1.4797210693359375,1.4752373695373535,1.4149019718170166,1.4149019718170166,medium,-0.0044836997985839844,0.0044836997985839844,-0.064819097518920898,0.064819097518920898,1.7683212412299711
904,hmi.m_45s.2022.09.04_00_01_30_TAI.magnetogram_processed.npy,1.6978442668914795,1.7415081262588501,1.5473436117172241,1.5473439693450928,medium,0.043663859367370605,0.043663859367370605,-0.15050065517425537,0.15050065517425537,1.7683212412299711
1321,hmi.m_45s.2024.08.23_00_01_30_TAI.magnetogram_processed.npy,2.4405896663665771,2.4418966770172119,2.0134677886962891,2.0134682655334473,high,0.0013070106506347656,0.0013070106506347656,-0.42712187767028809,0.42712187767028809,1.7683212412299711
526,hmi.m_45s.2018.10.18_00_01_30_TAI.magnetogram_processed.npy,1.2943089008331299,1.4159412384033203,1.3695948123931885,1.3695945739746094,low,0.12163233757019043,0.12163233757019043,0.075285911560058594,0.075285911560058594,1.7683212412299711
1725,hmi.m_45s.2026.03.03_00_01_30_TAI.magnetogram_processed.npy,2.2716104984283447,2.0008704662322998,1.7121822834014893,1.7121825218200684,high,-0.27074003219604492,0.27074003219604492,-0.55942821502685547,0.55942821502685547,1.7683212412299711
1014,hmi.m_45s.2023.03.25_00_01_30_TAI.magnetogram_processed.npy,2.2369503974914551,2.0630679130554199,1.7880998849868774,1.7881007194519043,high,-0.17388248443603516,0.17388248443603516,-0.44885051250457764,0.44885051250457764,1.7683212412299711
87,hmi.m_45s.2016.07.07_00_01_30_TAI.magnetogram_processed.npy,1.3107776641845703,1.472216010093689,1.3931276798248291,1.3931280374526978,low,0.16143834590911865,0.16143834590911865,0.082350015640258789,0.082350015640258789,1.7683212412299711
800,hmi.m_45s.2022.03.11_00_01_30_TAI.magnetogram_processed.npy,1.8971264362335205,1.702074408531189,1.5768202543258667,1.5768202543258667,high,-0.19505202770233154,0.19505202770233154,-0.32030618190765381,0.32030618190765381,1.7683212412299711
719,hmi.m_45s.2021.10.09_00_01_30_TAI.magnetogram_processed.npy,1.4110684394836426,1.5548855066299438,1.4298909902572632,1.4298915863037109,medium,0.14381706714630127,0.14381706714630127,0.018822550773620605,0.018822550773620605,1.7683212412299711
378,hmi.m_45s.2018.02.17_00_01_30_TAI.magnetogram_processed.npy,1.5830099582672119,1.4078103303909302,1.3382899761199951,1.338289737701416,medium,-0.17519962787628174,0.17519962787628174,-0.2447199821472168,0.2447199821472168,1.7683212412299711
78,hmi.m_45s.2016.06.19_00_01_30_TAI.magnetogram_processed.npy,1.4405786991119385,1.6430460214614868,1.4749959707260132,1.4749958515167236,medium,0.20246732234954834,0.20246732234954834,0.034417271614074707,0.034417271614074707,1.7683212412299711
1546,hmi.m_45s.2025.06.10_00_01_30_TAI.magnetogram_processed.npy,1.8807113170623779,1.8016922473907471,1.5851223468780518,1.5851223468780518,high,-0.079019069671630859,0.079019069671630859,-0.29558897018432617,0.29558897018432617,1.7683212412299711
1319,hmi.m_45s.2024.08.22_00_01_30_TAI.magnetogram_processed.npy,2.3671448230743408,2.2542030811309814,1.9379295110702515,1.9379298686981201,high,-0.11294174194335938,0.11294174194335938,-0.42921531200408936,0.42921531200408936,1.7683212412299711
30,hmi.m_45s.2016.03.29_00_01_30_TAI.magnetogram_processed.npy,1.6217648983001709,1.4514162540435791,1.3874297142028809,1.38742995262146,medium,-0.1703486442565918,0.1703486442565918,-0.23433518409729004,0.23433518409729004,1.7683212412299711
58,hmi.m_45s.2016.05.17_00_01_30_TAI.magnetogram_processed.npy,1.5255391597747803,1.6334469318389893,1.491179347038269,1.4911799430847168,medium,0.10790777206420898,0.10790777206420898,-0.03435981273651123,0.03435981273651123,1.7683212412299711
285,hmi.m_45s.2017.07.07_00_01_30_TAI.magnetogram_processed.npy,1.3710319995880127,1.4499939680099487,1.3815205097198486,1.3815203905105591,low,0.078961968421936035,0.078961968421936035,0.010488510131835938,0.010488510131835938,1.7683212412299711
982,hmi.m_45s.2023.01.29_00_01_30_TAI.magnetogram_processed.npy,1.9269287586212158,1.8242584466934204,1.5784975290298462,1.5784974098205566,high,-0.10267031192779541,0.10267031192779541,-0.34843122959136963,0.34843122959136963,1.7683212412299711
271,hmi.m_45s.2017.06.13_00_01_30_TAI.magnetogram_processed.npy,1.3165652751922607,1.4002707004547119,1.3567450046539307,1.3567450046539307,low,0.083705425262451172,0.083705425262451172,0.040179729461669922,0.040179729461669922,1.7683212412299711
259,hmi.m_45s.2017.06.01_00_01_30_TAI.magnetogram_processed.npy,1.3735413551330566,1.4164993762969971,1.3798573017120361,1.3798573017120361,low,0.04295802116394043,0.04295802116394043,0.0063159465789794922,0.0063159465789794922,1.7683212412299711
373,hmi.m_45s.2018.01.24_00_01_30_TAI.magnetogram_processed.npy,1.4941275119781494,1.3860286474227905,1.3490668535232544,1.3490667343139648,medium,-0.10809886455535889,0.10809886455535889,-0.14506065845489502,0.14506065845489502,1.7683212412299711
459,hmi.m_45s.2018.07.08_00_01_30_TAI.magnetogram_processed.npy,1.370537281036377,1.3163697719573975,1.3465015888214111,1.3465015888214111,low,-0.054167509078979492,0.054167509078979492,-0.02403569221496582,0.02403569221496582,1.7683212412299711
866,hmi.m_45s.2022.07.13_00_01_30_TAI.magnetogram_processed.npy,2.0921528339385986,1.9820568561553955,1.7351375818252563,1.735137939453125,high,-0.11009597778320312,0.11009597778320312,-0.35701525211334229,0.35701525211334229,1.7683212412299711
433,hmi.m_45s.2018.05.23_00_01_30_TAI.magnetogram_processed.npy,1.4034152030944824,1.4453344345092773,1.3611496686935425,1.3611496686935425,low,0.041919231414794922,0.041919231414794922,-0.042265534400939941,0.042265534400939941,1.7683212412299711
1255,hmi.m_45s.2024.05.11_00_01_30_TAI.magnetogram_processed.npy,2.0628452301025391,2.0086169242858887,1.7496269941329956,1.7496271133422852,high,-0.054228305816650391,0.054228305816650391,-0.31321823596954346,0.31321823596954346,1.7683212412299711
754,hmi.m_45s.2021.11.30_00_01_30_TAI.magnetogram_processed.npy,1.4132559299468994,1.5214043855667114,1.4748576879501343,1.4748579263687134,medium,0.10814845561981201,0.10814845561981201,0.061601758003234863,0.061601758003234863,1.7683212412299711
311,hmi.m_45s.2017.09.13_00_01_30_TAI.magnetogram_processed.npy,1.4508068561553955,1.4797933101654053,1.3814698457717896,1.3814697265625,medium,0.028986454010009766,0.028986454010009766,-0.069337010383605957,0.069337010383605957,1.7683212412299711
842,hmi.m_45s.2022.05.18_00_01_30_TAI.magnetogram_processed.npy,2.0181119441986084,2.0650925636291504,1.7876242399215698,1.7876251935958862,high,0.046980619430541992,0.046980619430541992,-0.23048770427703857,0.23048770427703857,1.7683212412299711
636,hmi.m_45s.2021.05.06_00_01_30_TAI.magnetogram_processed.npy,1.4042139053344727,1.3266618251800537,1.3488855361938477,1.3488855361938477,low,-0.077552080154418945,0.077552080154418945,-0.055328369140625,0.055328369140625,1.7683212412299711
1376,hmi.m_45s.2024.11.11_00_01_30_TAI.magnetogram_processed.npy,2.206796407699585,2.2202949523925781,1.9020698070526123,1.9020700454711914,high,0.013498544692993164,0.013498544692993164,-0.30472660064697266,0.30472660064697266,1.7683212412299711
248,hmi.m_45s.2017.05.21_00_01_30_TAI.magnetogram_processed.npy,1.5799999237060547,1.5182769298553467,1.4389688968658447,1.4389688968658447,medium,-0.061722993850708008,0.061722993850708008,-0.14103102684020996,0.14103102684020996,1.7683212412299711
1460,hmi.m_45s.2025.02.22_00_01_30_TAI.magnetogram_processed.npy,2.3602485656738281,2.0850381851196289,1.8178750276565552,1.817875862121582,high,-0.27521038055419922,0.27521038055419922,-0.54237353801727295,0.54237353801727295,1.7683212412299711
336,hmi.m_45s.2017.10.31_00_01_30_TAI.magnetogram_processed.npy,1.389312744140625,1.5385153293609619,1.401166558265686,1.401166558265686,low,0.14920258522033691,0.14920258522033691,0.011853814125061035,0.011853814125061035,1.7683212412299711
698,hmi.m_45s.2021.09.13_00_01_30_TAI.magnetogram_processed.npy,1.458740234375,1.5770176649093628,1.4223030805587769,1.422303318977356,medium,0.11827743053436279,0.11827743053436279,-0.036437153816223145,0.036437153816223145,1.7683212412299711
942,hmi.m_45s.2022.11.12_00_01_30_TAI.magnetogram_processed.npy,1.6596853733062744,1.8119423389434814,1.585374116897583,1.5853742361068726,medium,0.15225696563720703,0.15225696563720703,-0.074311256408691406,0.074311256408691406,1.7683212412299711
1093,hmi.m_45s.2023.08.06_00_01_30_TAI.magnetogram_processed.npy,2.0749747753143311,2.1266942024230957,1.7909493446350098,1.7909500598907471,high,0.051719427108764648,0.051719427108764648,-0.28402543067932129,0.28402543067932129,1.7683212412299711
230,hmi.m_45s.2017.03.30_00_01_30_TAI.magnetogram_processed.npy,1.7347872257232666,1.6344543695449829,1.4709066152572632,1.4709070920944214,medium,-0.10033285617828369,0.10033285617828369,-0.26388061046600342,0.26388061046600342,1.7683212412299711
1148,hmi.m_45s.2023.11.29_00_01_30_TAI.magnetogram_processed.npy,2.1407723426818848,2.2806668281555176,1.8746069669723511,1.8746069669723511,high,0.13989448547363281,0.13989448547363281,-0.26616537570953369,0.26616537570953369,1.7683212412299711
627,hmi.m_45s.2021.04.15_00_01_30_TAI.magnetogram_processed.npy,1.4978647232055664,1.4034945964813232,1.3763561248779297,1.3763563632965088,medium,-0.094370126724243164,0.094370126724243164,-0.12150859832763672,0.12150859832763672,1.7683212412299711
439,hmi.m_45s.2018.05.27_00_01_30_TAI.magnetogram_processed.npy,1.4149248600006104,1.3890398740768433,1.3830025196075439,1.3830026388168335,medium,-0.02588498592376709,0.02588498592376709,-0.031922340393066406,0.031922340393066406,1.7683212412299711
44,hmi.m_45s.2016.04.12_00_01_30_TAI.magnetogram_processed.npy,1.7225325107574463,1.6197640895843506,1.4875277280807495,1.4875278472900391,medium,-0.1027684211730957,0.1027684211730957,-0.23500478267669678,0.23500478267669678,1.7683212412299711
1744,hmi.m_45s.2026.03.22_00_01_30_TAI.magnetogram_processed.npy,1.8129885196685791,1.6952884197235107,1.5118123292922974,1.511812686920166,high,-0.11770009994506836,0.11770009994506836,-0.30117619037628174,0.30117619037628174,1.7683212412299711
1100,hmi.m_45s.2023.08.29_00_01_30_TAI.magnetogram_processed.npy,1.9019663333892822,1.9289455413818359,1.6576430797576904,1.65764319896698,high,0.026979207992553711,0.026979207992553711,-0.2443232536315918,0.2443232536315918,1.7683212412299711
850,hmi.m_45s.2022.06.04_00_01_30_TAI.magnetogram_processed.npy,1.4944016933441162,1.5502446889877319,1.4650501012802124,1.4650506973266602,medium,0.055842995643615723,0.055842995643615723,-0.029351592063903809,0.029351592063903809,1.7683212412299711
104,hmi.m_45s.2016.08.18_00_01_30_TAI.magnetogram_processed.npy,1.4124035835266113,1.5230441093444824,1.4237771034240723,1.4237773418426514,medium,0.11064052581787109,0.11064052581787109,0.011373519897460938,0.011373519897460938,1.7683212412299711
1156,hmi.m_45s.2023.12.16_00_01_30_TAI.magnetogram_processed.npy,1.778256893157959,1.8791462182998657,1.6210514307022095,1.621051549911499,high,0.10088932514190674,0.10088932514190674,-0.15720546245574951,0.15720546245574951,1.7683212412299711
1312,hmi.m_45s.2024.08.09_00_01_30_TAI.magnetogram_processed.npy,2.9496133327484131,2.7171523571014404,2.2511801719665527,2.2511813640594482,high,-0.23246097564697266,0.23246097564697266,-0.69843316078186035,0.69843316078186035,1.7683212412299711
562,hmi.m_45s.2018.12.19_00_01_30_TAI.magnetogram_processed.npy,1.2903451919555664,1.3899155855178833,1.3525348901748657,1.3525345325469971,low,0.099570393562316895,0.099570393562316895,0.062189698219299316,0.062189698219299316,1.7683212412299711
1689,hmi.m_45s.2026.01.12_00_01_30_TAI.magnetogram_processed.npy,1.8329620361328125,1.649203896522522,1.4792754650115967,1.479276180267334,high,-0.18375813961029053,0.18375813961029053,-0.35368657112121582,0.35368657112121582,1.7683212412299711
1585,hmi.m_45s.2025.08.21_00_01_30_TAI.magnetogram_processed.npy,1.7635107040405273,1.8401216268539429,1.5575875043869019,1.5575875043869019,high,0.076610922813415527,0.076610922813415527,-0.20592319965362549,0.20592319965362549,1.7683212412299711
1025,hmi.m_45s.2023.04.10_00_01_30_TAI.magnetogram_processed.npy,1.9463121891021729,1.9516029357910156,1.6425144672393799,1.642514705657959,high,0.0052907466888427734,0.0052907466888427734,-0.30379772186279297,0.30379772186279297,1.7683212412299711
1059,hmi.m_45s.2023.06.11_00_01_30_TAI.magnetogram_processed.npy,2.1289467811584473,2.2041511535644531,1.8178828954696655,1.8178832530975342,high,0.075204372406005859,0.075204372406005859,-0.31106388568878174,0.31106388568878174,1.7683212412299711
148,hmi.m_45s.2016.11.12_00_01_30_TAI.magnetogram_processed.npy,1.2203633785247803,1.4509961605072021,1.3675587177276611,1.3675583600997925,low,0.23063278198242188,0.23063278198242188,0.14719533920288086,0.14719533920288086,1.7683212412299711
1410,hmi.m_45s.2024.12.24_00_01_30_TAI.magnetogram_processed.npy,2.5049924850463867,2.5140655040740967,1.9982948303222656,1.9982953071594238,high,0.0090730190277099609,0.0090730190277099609,-0.50669765472412109,0.50669765472412109,1.7683212412299711
1394,hmi.m_45s.2024.12.04_00_01_30_TAI.magnetogram_processed.npy,2.058035135269165,2.1725685596466064,1.8168226480484009,1.8168222904205322,high,0.11453342437744141,0.11453342437744141,-0.24121248722076416,0.24121248722076416,1.7683212412299711
675,hmi.m_45s.2021.07.20_00_01_30_TAI.magnetogram_processed.npy,1.4670431613922119,1.4385851621627808,1.4070861339569092,1.4070863723754883,medium,-0.028457999229431152,0.028457999229431152,-0.059957027435302734,0.059957027435302734,1.7683212412299711
1596,hmi.m_45s.2025.09.01_00_01_30_TAI.magnetogram_processed.npy,2.4043679237365723,2.3232567310333252,1.9608167409896851,1.9608175754547119,high,-0.08111119270324707,0.08111119270324707,-0.44355118274688721,0.44355118274688721,1.7683212412299711
1425,hmi.m_45s.2025.01.13_00_01_30_TAI.magnetogram_processed.npy,1.9872128963470459,1.9092414379119873,1.6287006139755249,1.6287012100219727,high,-0.077971458435058594,0.077971458435058594,-0.358512282371521,0.358512282371521,1.7683212412299711
1118,hmi.m_45s.2023.09.26_00_01_30_TAI.magnetogram_processed.npy,1.9233942031860352,1.9806301593780518,1.7046626806259155,1.7046627998352051,high,0.057235956192016602,0.057235956192016602,-0.21873152256011963,0.21873152256011963,1.7683212412299711
1133,hmi.m_45s.2023.10.27_00_01_30_TAI.magnetogram_processed.npy,1.6191005706787109,1.7632929086685181,1.537817120552063,1.5378168821334839,medium,0.14419233798980713,0.14419233798980713,-0.081283450126647949,0.081283450126647949,1.7683212412299711
1447,hmi.m_45s.2025.02.06_00_01_30_TAI.magnetogram_processed.npy,2.4413526058197021,2.2910065650939941,1.8189431428909302,1.8189436197280884,high,-0.15034604072570801,0.15034604072570801,-0.62240946292877197,0.62240946292877197,1.7683212412299711
1064,hmi.m_45s.2023.06.19_00_01_30_TAI.magnetogram_processed.npy,2.094036340713501,2.1365499496459961,1.8003140687942505,1.8003149032592773,high,0.042513608932495117,0.042513608932495117,-0.29372227191925049,0.29372227191925049,1.7683212412299711
312,hmi.m_45s.2017.09.14_00_01_30_TAI.magnetogram_processed.npy,1.4214932918548584,1.433017373085022,1.373340368270874,1.3733410835266113,medium,0.011524081230163574,0.011524081230163574,-0.048152923583984375,0.048152923583984375,1.7683212412299711
1697,hmi.m_45s.2026.01.21_00_01_30_TAI.magnetogram_processed.npy,2.3309171199798584,2.1697533130645752,1.8456745147705078,1.8456751108169556,high,-0.1611638069152832,0.1611638069152832,-0.48524260520935059,0.48524260520935059,1.7683212412299711
326,hmi.m_45s.2017.10.17_00_01_30_TAI.magnetogram_processed.npy,1.3686060905456543,1.4763739109039307,1.3765896558761597,1.376589298248291,low,0.10776782035827637,0.10776782035827637,0.0079835653305053711,0.0079835653305053711,1.7683212412299711
380,hmi.m_45s.2018.02.20_00_01_30_TAI.magnetogram_processed.npy,1.5854060649871826,1.3758969306945801,1.3492249250411987,1.3492250442504883,medium,-0.20950913429260254,0.20950913429260254,-0.23618113994598389,0.23618113994598389,1.7683212412299711
777,hmi.m_45s.2022.01.05_00_01_30_TAI.magnetogram_processed.npy,1.4175474643707275,1.4235579967498779,1.3642067909240723,1.3642067909240723,medium,0.0060105323791503906,0.0060105323791503906,-0.053340673446655273,0.053340673446655273,1.7683212412299711
284,hmi.m_45s.2017.07.06_00_01_30_TAI.magnetogram_processed.npy,1.3481974601745605,1.4462324380874634,1.3651962280273438,1.3651961088180542,low,0.098034977912902832,0.098034977912902832,0.016998767852783203,0.016998767852783203,1.7683212412299711
1625,hmi.m_45s.2025.10.15_00_01_30_TAI.magnetogram_processed.npy,2.0950853824615479,2.2390716075897217,1.7615655660629272,1.7615658044815063,high,0.14398622512817383,0.14398622512817383,-0.33351981639862061,0.33351981639862061,1.7683212412299711
1208,hmi.m_45s.2024.03.03_00_01_30_TAI.magnetogram_processed.npy,2.0939886569976807,1.8795722723007202,1.6367639303207397,1.6367644071578979,high,-0.21441638469696045,0.21441638469696045,-0.45722472667694092,0.45722472667694092,1.7683212412299711
750,hmi.m_45s.2021.11.25_00_01_30_TAI.magnetogram_processed.npy,1.4164984226226807,1.4776363372802734,1.4126235246658325,1.4126236438751221,medium,0.061137914657592773,0.061137914657592773,-0.0038748979568481445,0.0038748979568481445,1.7683212412299711
340,hmi.m_45s.2017.11.14_00_01_30_TAI.magnetogram_processed.npy,1.4693617820739746,1.5522568225860596,1.3987886905670166,1.3987880945205688,medium,0.082895040512084961,0.082895040512084961,-0.070573091506958008,0.070573091506958008,1.7683212412299711
829,hmi.m_45s.2022.04.22_00_01_30_TAI.magnetogram_processed.npy,1.9859492778778076,1.9428098201751709,1.685948371887207,1.6859486103057861,high,-0.043139457702636719,0.043139457702636719,-0.30000090599060059,0.30000090599060059,1.7683212412299711
404,hmi.m_45s.2018.04.08_00_01_30_TAI.magnetogram_processed.npy,1.56746506690979,1.3638331890106201,1.3424481153488159,1.3424477577209473,medium,-0.20363187789916992,0.20363187789916992,-0.22501695156097412,0.22501695156097412,1.7683212412299711
1126,hmi.m_45s.2023.10.08_00_01_30_TAI.magnetogram_processed.npy,1.9267916679382324,2.0469253063201904,1.7364687919616699,1.7364692687988281,high,0.12013363838195801,0.12013363838195801,-0.1903228759765625,0.1903228759765625,1.7683212412299711
984,hmi.m_45s.2023.01.30_00_01_30_TAI.magnetogram_processed.npy,1.9832253456115723,1.7313562631607056,1.6035747528076172,1.6035747528076172,high,-0.2518690824508667,0.2518690824508667,-0.37965059280395508,0.37965059280395508,1.7683212412299711
1283,hmi.m_45s.2024.06.20_00_01_30_TAI.magnetogram_processed.npy,2.0997941493988037,2.0088248252868652,1.7226923704147339,1.7226924896240234,high,-0.090969324111938477,0.090969324111938477,-0.37710177898406982,0.37710177898406982,1.7683212412299711
256,hmi.m_45s.2017.05.28_00_01_30_TAI.magnetogram_processed.npy,1.3774454593658447,1.4441642761230469,1.3881773948669434,1.3881773948669434,low,0.066718816757202148,0.066718816757202148,0.010731935501098633,0.010731935501098633,1.7683212412299711
110,hmi.m_45s.2016.08.30_00_01_30_TAI.magnetogram_processed.npy,1.4910459518432617,1.5590403079986572,1.4673397541046143,1.4673392772674561,medium,0.067994356155395508,0.067994356155395508,-0.023706197738647461,0.023706197738647461,1.7683212412299711
161,hmi.m_45s.2016.11.29_00_01_30_TAI.magnetogram_processed.npy,1.6231358051300049,1.7493476867675781,1.5055917501449585,1.5055911540985107,medium,0.12621188163757324,0.12621188163757324,-0.11754405498504639,0.11754405498504639,1.7683212412299711
1006,hmi.m_45s.2023.03.06_00_01_30_TAI.magnetogram_processed.npy,2.3186087608337402,2.2128753662109375,1.8304741382598877,1.8304744958877563,high,-0.10573339462280273,0.10573339462280273,-0.48813462257385254,0.48813462257385254,1.7683212412299711
488,hmi.m_45s.2018.08.19_00_01_30_TAI.magnetogram_processed.npy,1.2437105178833008,1.3550623655319214,1.3488196134567261,1.3488192558288574,low,0.11135184764862061,0.11135184764862061,0.10510909557342529,0.10510909557342529,1.7683212412299711
299,hmi.m_45s.2017.08.14_00_01_30_TAI.magnetogram_processed.npy,1.4126777648925781,1.3291887044906616,1.3457256555557251,1.345725417137146,medium,-0.083489060401916504,0.083489060401916504,-0.066952109336853027,0.066952109336853027,1.7683212412299711
1740,hmi.m_45s.2026.03.20_00_01_30_TAI.magnetogram_processed.npy,1.8786787986755371,1.6946712732315063,1.4754774570465088,1.4754776954650879,high,-0.18400752544403076,0.18400752544403076,-0.40320134162902832,0.40320134162902832,1.7683212412299711
757,hmi.m_45s.2021.12.06_00_01_30_TAI.magnetogram_processed.npy,1.3146698474884033,1.3911727666854858,1.3682172298431396,1.3682169914245605,low,0.07650291919708252,0.07650291919708252,0.053547382354736328,0.053547382354736328,1.7683212412299711
1362,hmi.m_45s.2024.10.23_00_01_30_TAI.magnetogram_processed.npy,1.873779296875,2.1455008983612061,1.7434244155883789,1.7434242963790894,high,0.27172160148620605,0.27172160148620605,-0.13035488128662109,0.13035488128662109,1.7683212412299711
1275,hmi.m_45s.2024.06.13_00_01_30_TAI.magnetogram_processed.npy,2.1420896053314209,2.1712698936462402,1.8112233877182007,1.8112239837646484,high,0.029180288314819336,0.029180288314819336,-0.33086621761322021,0.33086621761322021,1.7683212412299711
167,hmi.m_45s.2016.12.15_00_01_30_TAI.magnetogram_processed.npy,1.4661669731140137,1.6173677444458008,1.4132593870162964,1.4132593870162964,medium,0.15120077133178711,0.15120077133178711,-0.052907586097717285,0.052907586097717285,1.7683212412299711
423,hmi.m_45s.2018.05.04_00_01_30_TAI.magnetogram_processed.npy,1.4258503913879395,1.3649899959564209,1.3416318893432617,1.3416315317153931,medium,-0.060860395431518555,0.060860395431518555,-0.084218502044677734,0.084218502044677734,1.7683212412299711
1370,hmi.m_45s.2024.11.06_00_01_30_TAI.magnetogram_processed.npy,2.3370087146759033,2.5045750141143799,2.0451643466949463,2.0451645851135254,high,0.16756629943847656,0.16756629943847656,-0.29184436798095703,0.29184436798095703,1.7683212412299711
1504,hmi.m_45s.2025.04.24_00_01_30_TAI.magnetogram_processed.npy,2.2143185138702393,2.2350800037384033,1.8715225458145142,1.8715234994888306,high,0.020761489868164062,0.020761489868164062,-0.3427959680557251,0.3427959680557251,1.7683212412299711
768,hmi.m_45s.2021.12.22_00_01_30_TAI.magnetogram_processed.npy,1.7675161361694336,1.9119138717651367,1.6618826389312744,1.6618833541870117,high,0.14439773559570312,0.14439773559570312,-0.10563349723815918,0.10563349723815918,1.7683212412299711
411,hmi.m_45s.2018.04.19_00_01_30_TAI.magnetogram_processed.npy,1.5239477157592773,1.3723723888397217,1.3533458709716797,1.3533456325531006,medium,-0.15157532691955566,0.15157532691955566,-0.17060184478759766,0.17060184478759766,1.7683212412299711
453,hmi.m_45s.2018.06.24_00_01_30_TAI.magnetogram_processed.npy,1.4488577842712402,1.5103960037231445,1.4221508502960205,1.4221508502960205,medium,0.061538219451904297,0.061538219451904297,-0.026706933975219727,0.026706933975219727,1.7683212412299711
1054,hmi.m_45s.2023.05.31_00_01_30_TAI.magnetogram_processed.npy,1.8259704113006592,1.8908563852310181,1.6651610136032104,1.6651610136032104,high,0.064885973930358887,0.064885973930358887,-0.16080939769744873,0.16080939769744873,1.7683212412299711
1581,hmi.m_45s.2025.08.13_00_01_30_TAI.magnetogram_processed.npy,2.0168662071228027,2.0178279876708984,1.7154709100723267,1.7154713869094849,high,0.00096178054809570312,0.00096178054809570312,-0.30139529705047607,0.30139529705047607,1.7683212412299711
1041,hmi.m_45s.2023.05.15_00_01_30_TAI.magnetogram_processed.npy,1.8768489360809326,1.8380371332168579,1.64520263671875,1.6452028751373291,high,-0.038811802864074707,0.038811802864074707,-0.23164629936218262,0.23164629936218262,1.7683212412299711
1007,hmi.m_45s.2023.03.07_00_01_30_TAI.magnetogram_processed.npy,2.4387896060943604,2.2344589233398438,1.8681889772415161,1.8681892156600952,high,-0.2043306827545166,0.2043306827545166,-0.57060062885284424,0.57060062885284424,1.7683212412299711
39,hmi.m_45s.2016.04.06_00_01_30_TAI.magnetogram_processed.npy,1.6188561916351318,1.5002821683883667,1.403428316116333,1.4034287929534912,medium,-0.11857402324676514,0.11857402324676514,-0.21542787551879883,0.21542787551879883,1.7683212412299711
1550,hmi.m_45s.2025.06.12_00_01_30_TAI.magnetogram_processed.npy,1.9301474094390869,1.8270432949066162,1.6285097599029541,1.6285096406936646,high,-0.1031041145324707,0.1031041145324707,-0.30163764953613281,0.30163764953613281,1.7683212412299711
1409,hmi.m_45s.2024.12.22_00_01_30_TAI.magnetogram_processed.npy,2.2361695766448975,2.230595588684082,1.8543016910552979,1.8543022871017456,high,-0.0055739879608154297,0.0055739879608154297,-0.38186788558959961,0.38186788558959961,1.7683212412299711
1383,hmi.m_45s.2024.11.25_00_01_30_TAI.magnetogram_processed.npy,2.2053539752960205,2.2996683120727539,1.9258458614349365,1.925847053527832,high,0.094314336776733398,0.094314336776733398,-0.27950811386108398,0.27950811386108398,1.7683212412299711
43,hmi.m_45s.2016.04.11_00_01_30_TAI.magnetogram_processed.npy,1.6859531402587891,1.625748872756958,1.4624348878860474,1.4624351263046265,medium,-0.060204267501831055,0.060204267501831055,-0.2235182523727417,0.2235182523727417,1.7683212412299711
484,hmi.m_45s.2018.08.15_00_01_30_TAI.magnetogram_processed.npy,1.4348685741424561,1.3695389032363892,1.3604673147201538,1.3604669570922852,medium,-0.065329670906066895,0.065329670906066895,-0.074401259422302246,0.074401259422302246,1.7683212412299711
1628,hmi.m_45s.2025.10.17_00_01_30_TAI.magnetogram_processed.npy,1.9766390323638916,2.1004941463470459,1.7928786277770996,1.7928792238235474,high,0.1238551139831543,0.1238551139831543,-0.18376040458679199,0.18376040458679199,1.7683212412299711
919,hmi.m_45s.2022.10.12_00_01_30_TAI.magnetogram_processed.npy,1.8056809902191162,1.8658978939056396,1.6246500015258789,1.6246505975723267,high,0.060216903686523438,0.060216903686523438,-0.1810309886932373,0.1810309886932373,1.7683212412299711
297,hmi.m_45s.2017.08.09_00_01_30_TAI.magnetogram_processed.npy,1.4719843864440918,1.5139219760894775,1.4152101278305054,1.4152103662490845,medium,0.041937589645385742,0.041937589645385742,-0.056774258613586426,0.056774258613586426,1.7683212412299711
93,hmi.m_45s.2016.07.22_00_01_30_TAI.magnetogram_processed.npy,1.4044761657714844,1.4837038516998291,1.4242273569107056,1.4242274761199951,low,0.079227685928344727,0.079227685928344727,0.019751191139221191,0.019751191139221191,1.7683212412299711
240,hmi.m_45s.2017.04.23_00_01_30_TAI.magnetogram_processed.npy,1.6602873802185059,1.5635757446289062,1.4519898891448975,1.4519898891448975,medium,-0.096711635589599609,0.096711635589599609,-0.2082974910736084,0.2082974910736084,1.7683212412299711
788,hmi.m_45s.2022.01.25_00_01_30_TAI.magnetogram_processed.npy,1.6558647155761719,1.6262233257293701,1.4806805849075317,1.4806808233261108,medium,-0.029641389846801758,0.029641389846801758,-0.17518413066864014,0.17518413066864014,1.7683212412299711
915,hmi.m_45s.2022.10.03_00_01_30_TAI.magnetogram_processed.npy,1.7937839031219482,1.911847710609436,1.6866542100906372,1.6866543292999268,high,0.11806380748748779,0.11806380748748779,-0.10712969303131104,0.10712969303131104,1.7683212412299711
638,hmi.m_45s.2021.05.08_00_01_30_TAI.magnetogram_processed.npy,1.394188404083252,1.4315505027770996,1.3691233396530151,1.3691234588623047,low,0.037362098693847656,0.037362098693847656,-0.025065064430236816,0.025065064430236816,1.7683212412299711
371,hmi.m_45s.2018.01.20_00_01_30_TAI.magnetogram_processed.npy,1.4514744281768799,1.4190011024475098,1.3551211357116699,1.3551206588745117,medium,-0.032473325729370117,0.032473325729370117,-0.096353292465209961,0.096353292465209961,1.7683212412299711
462,hmi.m_45s.2018.07.12_00_01_30_TAI.magnetogram_processed.npy,1.4415323734283447,1.4495439529418945,1.3852579593658447,1.3852578401565552,medium,0.0080115795135498047,0.0080115795135498047,-0.0562744140625,0.0562744140625,1.7683212412299711
1483,hmi.m_45s.2025.03.19_00_01_30_TAI.magnetogram_processed.npy,2.4076402187347412,2.3936436176300049,1.9317965507507324,1.9317969083786011,high,-0.013996601104736328,0.013996601104736328,-0.47584366798400879,0.47584366798400879,1.7683212412299711
815,hmi.m_45s.2022.04.01_00_01_30_TAI.magnetogram_processed.npy,1.9804418087005615,1.9618371725082397,1.6986247301101685,1.6986247301101685,high,-0.018604636192321777,0.018604636192321777,-0.28181707859039307,0.28181707859039307,1.7683212412299711
1285,hmi.m_45s.2024.06.26_00_01_30_TAI.magnetogram_processed.npy,2.2045612335205078,2.0900912284851074,1.849997878074646,1.8499981164932251,high,-0.11447000503540039,0.11447000503540039,-0.35456335544586182,0.35456335544586182,1.7683212412299711
741,hmi.m_45s.2021.11.06_00_01_30_TAI.magnetogram_processed.npy,1.4317750930786133,1.5786463022232056,1.4243953227996826,1.4243954420089722,medium,0.14687120914459229,0.14687120914459229,-0.0073797702789306641,0.0073797702789306641,1.7683212412299711
64,hmi.m_45s.2016.05.22_00_01_30_TAI.magnetogram_processed.npy,1.5210390090942383,1.623822808265686,1.4874389171600342,1.4874390363693237,medium,0.10278379917144775,0.10278379917144775,-0.033600091934204102,0.033600091934204102,1.7683212412299711
145,hmi.m_45s.2016.11.07_00_01_30_TAI.magnetogram_processed.npy,1.2712478637695312,1.4397503137588501,1.3884257078170776,1.3884257078170776,low,0.16850244998931885,0.16850244998931885,0.11717784404754639,0.11717784404754639,1.7683212412299711
205,hmi.m_45s.2017.02.21_00_01_30_TAI.magnetogram_processed.npy,1.6047775745391846,1.5652954578399658,1.4191536903381348,1.4191534519195557,medium,-0.03948211669921875,0.03948211669921875,-0.1856238842010498,0.1856238842010498,1.7683212412299711
368,hmi.m_45s.2018.01.11_00_01_30_TAI.magnetogram_processed.npy,1.4169096946716309,1.4286613464355469,1.3660076856613159,1.3660078048706055,medium,0.011751651763916016,0.011751651763916016,-0.050902009010314941,0.050902009010314941,1.7683212412299711
776,hmi.m_45s.2022.01.04_00_01_30_TAI.magnetogram_processed.npy,1.4129459857940674,1.3755788803100586,1.3457076549530029,1.3457081317901611,medium,-0.037367105484008789,0.037367105484008789,-0.067238330841064453,0.067238330841064453,1.7683212412299711
1632,hmi.m_45s.2025.10.22_00_01_30_TAI.magnetogram_processed.npy,1.7653763294219971,1.9429690837860107,1.641939640045166,1.6419401168823242,high,0.17759275436401367,0.17759275436401367,-0.12343668937683105,0.12343668937683105,1.7683212412299711
685,hmi.m_45s.2021.08.13_00_01_30_TAI.magnetogram_processed.npy,1.469576358795166,1.4928985834121704,1.3936259746551514,1.3936258554458618,medium,0.023322224617004395,0.023322224617004395,-0.075950384140014648,0.075950384140014648,1.7683212412299711
823,hmi.m_45s.2022.04.17_00_01_30_TAI.magnetogram_processed.npy,1.680833101272583,1.6893990039825439,1.5274872779846191,1.5274876356124878,medium,0.0085659027099609375,0.0085659027099609375,-0.15334582328796387,0.15334582328796387,1.7683212412299711
1227,hmi.m_45s.2024.04.04_00_01_30_TAI.magnetogram_processed.npy,1.8595755100250244,1.7940909862518311,1.5485299825668335,1.548530101776123,high,-0.065484523773193359,0.065484523773193359,-0.31104552745819092,0.31104552745819092,1.7683212412299711
1746,hmi.m_45s.2026.03.23_00_01_30_TAI.magnetogram_processed.npy,1.9119858741760254,1.7900501489639282,1.5343559980392456,1.5343563556671143,high,-0.12193572521209717,0.12193572521209717,-0.37762987613677979,0.37762987613677979,1.7683212412299711
281,hmi.m_45s.2017.07.03_00_01_30_TAI.magnetogram_processed.npy,1.3325035572052002,1.4343698024749756,1.357561469078064,1.3575615882873535,low,0.10186624526977539,0.10186624526977539,0.02505791187286377,0.02505791187286377,1.7683212412299711
1347,hmi.m_45s.2024.10.03_00_01_30_TAI.magnetogram_processed.npy,2.5027632713317871,2.5156888961791992,2.0638105869293213,2.0638105869293213,high,0.012925624847412109,0.012925624847412109,-0.43895268440246582,0.43895268440246582,1.7683212412299711
1484,hmi.m_45s.2025.03.20_00_01_30_TAI.magnetogram_processed.npy,2.3307323455810547,2.3217818737030029,1.9063881635665894,1.9063880443572998,high,-0.0089504718780517578,0.0089504718780517578,-0.42434418201446533,0.42434418201446533,1.7683212412299711
985,hmi.m_45s.2023.01.31_00_01_30_TAI.magnetogram_processed.npy,2.0181119441986084,1.8624966144561768,1.6370911598205566,1.6370917558670044,high,-0.15561532974243164,0.15561532974243164,-0.38102078437805176,0.38102078437805176,1.7683212412299711
391,hmi.m_45s.2018.03.25_00_01_30_TAI.magnetogram_processed.npy,1.5829384326934814,1.3324836492538452,1.3409273624420166,1.3409273624420166,medium,-0.25045478343963623,0.25045478343963623,-0.24201107025146484,0.24201107025146484,1.7683212412299711
137,hmi.m_45s.2016.10.15_00_01_30_TAI.magnetogram_processed.npy,1.348954439163208,1.564769983291626,1.4187841415405273,1.4187840223312378,low,0.21581554412841797,0.21581554412841797,0.069829702377319336,0.069829702377319336,1.7683212412299711
913,hmi.m_45s.2022.09.26_00_01_30_TAI.magnetogram_processed.npy,1.755976676940918,1.7870496511459351,1.6244615316390991,1.6244622468948364,high,0.03107297420501709,0.03107297420501709,-0.13151514530181885,0.13151514530181885,1.7683212412299711
334,hmi.m_45s.2017.10.29_00_01_30_TAI.magnetogram_processed.npy,1.4279842376708984,1.5419461727142334,1.4484772682189941,1.4484772682189941,medium,0.11396193504333496,0.11396193504333496,0.020493030548095703,0.020493030548095703,1.7683212412299711
1361,hmi.m_45s.2024.10.22_00_01_30_TAI.magnetogram_processed.npy,1.8293082714080811,2.0265154838562012,1.675162672996521,1.6751630306243896,high,0.19720721244812012,0.19720721244812012,-0.15414559841156006,0.15414559841156006,1.7683212412299711
1385,hmi.m_45s.2024.11.26_00_01_30_TAI.magnetogram_processed.npy,2.23846435546875,2.2478287220001221,1.9201383590698242,1.9201387166976929,high,0.0093643665313720703,0.0093643665313720703,-0.31832599639892578,0.31832599639892578,1.7683212412299711
1654,hmi.m_45s.2025.11.19_00_01_30_TAI.magnetogram_processed.npy,1.690751314163208,1.7422606945037842,1.5464715957641602,1.5464721918106079,medium,0.051509380340576172,0.051509380340576172,-0.14427971839904785,0.14427971839904785,1.7683212412299711
1666,hmi.m_45s.2025.12.03_00_01_30_TAI.magnetogram_processed.npy,2.1337270736694336,1.9617164134979248,1.7435295581817627,1.7435300350189209,high,-0.17201066017150879,0.17201066017150879,-0.3901975154876709,0.3901975154876709,1.7683212412299711
1613,hmi.m_45s.2025.10.01_00_01_30_TAI.magnetogram_processed.npy,2.1333932876586914,2.151857852935791,1.8438229560852051,1.8438231945037842,high,0.018464565277099609,0.018464565277099609,-0.28957033157348633,0.28957033157348633,1.7683212412299711
358,hmi.m_45s.2017.12.21_00_01_30_TAI.magnetogram_processed.npy,1.4568567276000977,1.5556929111480713,1.4037442207336426,1.4037442207336426,medium,0.098836183547973633,0.098836183547973633,-0.053112506866455078,0.053112506866455078,1.7683212412299711
1167,hmi.m_45s.2024.01.01_00_01_30_TAI.magnetogram_processed.npy,1.8128752708435059,1.8064229488372803,1.5678533315658569,1.5678532123565674,high,-0.0064523220062255859,0.0064523220062255859,-0.24502193927764893,0.24502193927764893,1.7683212412299711
527,hmi.m_45s.2018.10.20_00_01_30_TAI.magnetogram_processed.npy,1.2728691101074219,1.3742953538894653,1.3571659326553345,1.3571656942367554,low,0.10142624378204346,0.10142624378204346,0.084296822547912598,0.084296822547912598,1.7683212412299711
642,hmi.m_45s.2021.05.16_00_01_30_TAI.magnetogram_processed.npy,1.4182448387145996,1.439600944519043,1.3908283710479736,1.3908289670944214,medium,0.021356105804443359,0.021356105804443359,-0.027416467666625977,0.027416467666625977,1.7683212412299711
1325,hmi.m_45s.2024.08.29_00_01_30_TAI.magnetogram_processed.npy,2.1518707275390625,2.1555798053741455,1.8127592802047729,1.8127596378326416,high,0.0037090778350830078,0.0037090778350830078,-0.33911144733428955,0.33911144733428955,1.7683212412299711
950,hmi.m_45s.2022.11.27_00_01_30_TAI.magnetogram_processed.npy,1.5549898147583008,1.6843456029891968,1.5108844041824341,1.5108844041824341,medium,0.129355788230896,0.129355788230896,-0.044105410575866699,0.044105410575866699,1.7683212412299711
550,hmi.m_45s.2018.11.22_00_01_30_TAI.magnetogram_processed.npy,1.224207878112793,1.437903881072998,1.3564410209655762,1.3564410209655762,low,0.21369600296020508,0.21369600296020508,0.1322331428527832,0.1322331428527832,1.7683212412299711
220,hmi.m_45s.2017.03.20_00_01_30_TAI.magnetogram_processed.npy,1.5897572040557861,1.3785321712493896,1.3440625667572021,1.3440631628036499,medium,-0.21122503280639648,0.21122503280639648,-0.24569463729858398,0.24569463729858398,1.7683212412299711
653,hmi.m_45s.2021.06.11_00_01_30_TAI.magnetogram_processed.npy,1.4122188091278076,1.4338341951370239,1.3936342000961304,1.3936340808868408,medium,0.021615386009216309,0.021615386009216309,-0.018584609031677246,0.018584609031677246,1.7683212412299711
906,hmi.m_45s.2022.09.06_00_01_30_TAI.magnetogram_processed.npy,1.7152667045593262,1.8055976629257202,1.5887706279754639,1.588770866394043,medium,0.090330958366394043,0.090330958366394043,-0.1264960765838623,0.1264960765838623,1.7683212412299711
1751,hmi.m_45s.2026.03.29_00_01_30_TAI.magnetogram_processed.npy,2.0990669727325439,2.0107028484344482,1.708125114440918,1.7081253528594971,high,-0.088364124298095703,0.088364124298095703,-0.39094185829162598,0.39094185829162598,1.7683212412299711
954,hmi.m_45s.2022.12.06_00_01_30_TAI.magnetogram_processed.npy,1.8550276756286621,1.9913895130157471,1.6819261312484741,1.6819262504577637,high,0.13636183738708496,0.13636183738708496,-0.17310154438018799,0.17310154438018799,1.7683212412299711
1096,hmi.m_45s.2023.08.21_00_01_30_TAI.magnetogram_processed.npy,1.8904507160186768,1.8451888561248779,1.6473941802978516,1.6473942995071411,high,-0.045261859893798828,0.045261859893798828,-0.2430565357208252,0.2430565357208252,1.7683212412299711
947,hmi.m_45s.2022.11.22_00_01_30_TAI.magnetogram_processed.npy,1.6345739364624023,1.7730839252471924,1.5841318368911743,1.5841314792633057,medium,0.13850998878479004,0.13850998878479004,-0.050442099571228027,0.050442099571228027,1.7683212412299711
729,hmi.m_45s.2021.10.21_00_01_30_TAI.magnetogram_processed.npy,1.2857377529144287,1.462047815322876,1.3971171379089355,1.3971172571182251,low,0.17631006240844727,0.17631006240844727,0.11137938499450684,0.11137938499450684,1.7683212412299711
848,hmi.m_45s.2022.05.31_00_01_30_TAI.magnetogram_processed.npy,1.4971256256103516,1.6051784753799438,1.46457839012146,1.4645781517028809,medium,0.10805284976959229,0.10805284976959229,-0.032547235488891602,0.032547235488891602,1.7683212412299711
229,hmi.m_45s.2017.03.29_00_01_30_TAI.magnetogram_processed.npy,1.7195999622344971,1.5500637292861938,1.4649934768676758,1.4649934768676758,medium,-0.16953623294830322,0.16953623294830322,-0.25460648536682129,0.25460648536682129,1.7683212412299711
1060,hmi.m_45s.2023.06.12_00_01_30_TAI.magnetogram_processed.npy,2.0180761814117432,2.0319058895111084,1.7557219266891479,1.7557220458984375,high,0.013829708099365234,0.013829708099365234,-0.26235425472259521,0.26235425472259521,1.7683212412299711
455,hmi.m_45s.2018.07.01_00_01_30_TAI.magnetogram_processed.npy,1.3602375984191895,1.4551374912261963,1.3534786701202393,1.3534783124923706,low,0.094899892807006836,0.094899892807006836,-0.0067589282989501953,0.0067589282989501953,1.7683212412299711
1102,hmi.m_45s.2023.09.03_00_01_30_TAI.magnetogram_processed.npy,1.8023371696472168,1.8228467702865601,1.5958220958709717,1.5958225727081299,high,0.020509600639343262,0.020509600639343262,-0.20651507377624512,0.20651507377624512,1.7683212412299711
354,hmi.m_45s.2017.12.16_00_01_30_TAI.magnetogram_processed.npy,1.3243675231933594,1.4338080883026123,1.3638783693313599,1.3638784885406494,low,0.10944056510925293,0.10944056510925293,0.039510846138000488,0.039510846138000488,1.7683212412299711
72,hmi.m_45s.2016.06.11_00_01_30_TAI.magnetogram_processed.npy,1.3547539710998535,1.5022088289260864,1.3955646753311157,1.3955650329589844,low,0.14745485782623291,0.14745485782623291,0.040810704231262207,0.040810704231262207,1.7683212412299711
1137,hmi.m_45s.2023.11.04_00_01_30_TAI.magnetogram_processed.npy,1.9964218139648438,2.1665654182434082,1.7280710935592651,1.7280709743499756,high,0.17014360427856445,0.17014360427856445,-0.26835072040557861,0.26835072040557861,1.7683212412299711
1107,hmi.m_45s.2023.09.11_00_01_30_TAI.magnetogram_processed.npy,2.0130395889282227,2.1653203964233398,1.7880778312683105,1.7880784273147583,high,0.15228080749511719,0.15228080749511719,-0.22496175765991211,0.22496175765991211,1.7683212412299711
1416,hmi.m_45s.2025.01.02_00_01_30_TAI.magnetogram_processed.npy,2.2885918617248535,2.2715058326721191,1.8714686632156372,1.871469259262085,high,-0.017086029052734375,0.017086029052734375,-0.41712319850921631,0.41712319850921631,1.7683212412299711
76,hmi.m_45s.2016.06.15_00_01_30_TAI.magnetogram_processed.npy,1.4504790306091309,1.6357738971710205,1.4750558137893677,1.4750559329986572,medium,0.18529486656188965,0.18529486656188965,0.024576783180236816,0.024576783180236816,1.7683212412299711
1508,hmi.m_45s.2025.05.04_00_01_30_TAI.magnetogram_processed.npy,2.0273029804229736,1.8654254674911499,1.6473190784454346,1.6473193168640137,high,-0.16187751293182373,0.16187751293182373,-0.37998390197753906,0.37998390197753906,1.7683212412299711
943,hmi.m_45s.2022.11.15_00_01_30_TAI.magnetogram_processed.npy,1.6319811344146729,1.7262893915176392,1.5580674409866333,1.558067798614502,medium,0.094308257102966309,0.094308257102966309,-0.073913693428039551,0.073913693428039551,1.7683212412299711
215,hmi.m_45s.2017.03.15_00_01_30_TAI.magnetogram_processed.npy,1.5942037105560303,1.3995440006256104,1.3557579517364502,1.3557581901550293,medium,-0.19465970993041992,0.19465970993041992,-0.23844575881958008,0.23844575881958008,1.7683212412299711
141,hmi.m_45s.2016.10.18_00_01_30_TAI.magnetogram_processed.npy,1.3515114784240723,1.5109257698059082,1.4250396490097046,1.425039529800415,low,0.15941429138183594,0.15941429138183594,0.073528170585632324,0.073528170585632324,1.7683212412299711
810,hmi.m_45s.2022.03.28_00_01_30_TAI.magnetogram_processed.npy,1.9479870796203613,1.9492146968841553,1.6562585830688477,1.656259298324585,high,0.0012276172637939453,0.0012276172637939453,-0.29172849655151367,0.29172849655151367,1.7683212412299711
1257,hmi.m_45s.2024.05.17_00_01_30_TAI.magnetogram_processed.npy,2.4682879447937012,2.6260519027709961,2.1168861389160156,2.1168866157531738,high,0.15776395797729492,0.15776395797729492,-0.35140180587768555,0.35140180587768555,1.7683212412299711
464,hmi.m_45s.2018.07.16_00_01_30_TAI.magnetogram_processed.npy,1.4614224433898926,1.4933607578277588,1.408536434173584,1.408536434173584,medium,0.031938314437866211,0.031938314437866211,-0.052886009216308594,0.052886009216308594,1.7683212412299711
689,hmi.m_45s.2021.08.27_00_01_30_TAI.magnetogram_processed.npy,1.5604317188262939,1.6066596508026123,1.460707426071167,1.4607079029083252,medium,0.046227931976318359,0.046227931976318359,-0.099724292755126953,0.099724292755126953,1.7683212412299711
448,hmi.m_45s.2018.06.11_00_01_30_TAI.magnetogram_processed.npy,1.3582408428192139,1.350536584854126,1.349058985710144,1.3490587472915649,low,-0.0077042579650878906,0.0077042579650878906,-0.0091818571090698242,0.0091818571090698242,1.7683212412299711
1267,hmi.m_45s.2024.06.03_00_01_30_TAI.magnetogram_processed.npy,2.3134589195251465,2.256690502166748,1.9232381582260132,1.9232388734817505,high,-0.056768417358398438,0.056768417358398438,-0.3902207612991333,0.3902207612991333,1.7683212412299711
1200,hmi.m_45s.2024.02.23_00_01_30_TAI.magnetogram_processed.npy,2.1055042743682861,1.7661762237548828,1.5755298137664795,1.5755302906036377,high,-0.33932805061340332,0.33932805061340332,-0.52997446060180664,0.52997446060180664,1.7683212412299711
681,hmi.m_45s.2021.08.04_00_01_30_TAI.magnetogram_processed.npy,1.4354884624481201,1.3458045721054077,1.3625465631484985,1.3625466823577881,medium,-0.089683890342712402,0.089683890342712402,-0.072941899299621582,0.072941899299621582,1.7683212412299711
930,hmi.m_45s.2022.10.22_00_01_30_TAI.magnetogram_processed.npy,1.5135288238525391,1.655991792678833,1.4983489513397217,1.4983490705490112,medium,0.14246296882629395,0.14246296882629395,-0.015179872512817383,0.015179872512817383,1.7683212412299711
1078,hmi.m_45s.2023.07.13_00_01_30_TAI.magnetogram_processed.npy,2.0758748054504395,1.9924240112304688,1.7358099222183228,1.7358100414276123,high,-0.083450794219970703,0.083450794219970703,-0.3400648832321167,0.3400648832321167,1.7683212412299711
1678,hmi.m_45s.2025.12.15_00_01_30_TAI.magnetogram_processed.npy,1.7169952392578125,1.7429577112197876,1.5176328420639038,1.5176329612731934,medium,0.025962471961975098,0.025962471961975098,-0.19936239719390869,0.19936239719390869,1.7683212412299711
1231,hmi.m_45s.2024.04.11_00_01_30_TAI.magnetogram_processed.npy,1.9180774688720703,1.8963130712509155,1.6359726190567017,1.6359729766845703,high,-0.021764397621154785,0.021764397621154785,-0.28210484981536865,0.28210484981536865,1.7683212412299711
704,hmi.m_45s.2021.09.22_00_01_30_TAI.magnetogram_processed.npy,1.4719069004058838,1.507609486579895,1.4598323106765747,1.4598326683044434,medium,0.03570258617401123,0.03570258617401123,-0.012074589729309082,0.012074589729309082,1.7683212412299711
1595,hmi.m_45s.2025.08.31_00_01_30_TAI.magnetogram_processed.npy,2.4772405624389648,2.3617355823516846,1.9623750448226929,1.9623751640319824,high,-0.11550498008728027,0.11550498008728027,-0.51486551761627197,0.51486551761627197,1.7683212412299711
452,hmi.m_45s.2018.06.20_00_01_30_TAI.magnetogram_processed.npy,1.4507591724395752,1.4934027194976807,1.4353561401367188,1.4353562593460083,medium,0.042643547058105469,0.042643547058105469,-0.015403032302856445,0.015403032302856445,1.7683212412299711
922,hmi.m_45s.2022.10.16_00_01_30_TAI.magnetogram_processed.npy,1.5053510665893555,1.7014621496200562,1.5155901908874512,1.5155901908874512,medium,0.19611108303070068,0.19611108303070068,0.010239124298095703,0.010239124298095703,1.7683212412299711
539,hmi.m_45s.2018.11.06_00_01_30_TAI.magnetogram_processed.npy,1.3003408908843994,1.4059556722640991,1.3520443439483643,1.3520444631576538,low,0.10561478137969971,0.10561478137969971,0.051703453063964844,0.051703453063964844,1.7683212412299711
1556,hmi.m_45s.2025.07.01_00_01_30_TAI.magnetogram_processed.npy,1.9038140773773193,1.8982093334197998,1.6417045593261719,1.641704797744751,high,-0.0056047439575195312,0.0056047439575195312,-0.26210951805114746,0.26210951805114746,1.7683212412299711
308,hmi.m_45s.2017.08.30_00_01_30_TAI.magnetogram_processed.npy,1.4737844467163086,1.4944003820419312,1.4323916435241699,1.432391881942749,medium,0.020615935325622559,0.020615935325622559,-0.041392803192138672,0.041392803192138672,1.7683212412299711
1296,hmi.m_45s.2024.07.07_00_01_30_TAI.magnetogram_processed.npy,1.9354104995727539,1.8686023950576782,1.6629760265350342,1.6629762649536133,high,-0.066808104515075684,0.066808104515075684,-0.27243447303771973,0.27243447303771973,1.7683212412299711
1223,hmi.m_45s.2024.03.30_00_01_30_TAI.magnetogram_processed.npy,1.9731700420379639,1.838138222694397,1.5957286357879639,1.595728874206543,high,-0.13503181934356689,0.13503181934356689,-0.37744140625,0.37744140625,1.7683212412299711
1043,hmi.m_45s.2023.05.20_00_01_30_TAI.magnetogram_processed.npy,1.8853724002838135,1.8521724939346313,1.6098963022232056,1.6098971366882324,high,-0.033199906349182129,0.033199906349182129,-0.27547609806060791,0.27547609806060791,1.7683212412299711
223,hmi.m_45s.2017.03.22_00_01_30_TAI.magnetogram_processed.npy,1.5796244144439697,1.4272158145904541,1.3593422174453735,1.3593418598175049,medium,-0.15240859985351562,0.15240859985351562,-0.22028219699859619,0.22028219699859619,1.7683212412299711
589,hmi.m_45s.2021.02.14_00_01_30_TAI.magnetogram_processed.npy,1.6264915466308594,1.4465659856796265,1.3533753156661987,1.3533749580383301,medium,-0.17992556095123291,0.17992556095123291,-0.27311623096466064,0.27311623096466064,1.7683212412299711
387,hmi.m_45s.2018.03.17_00_01_30_TAI.magnetogram_processed.npy,1.6140639781951904,1.3088575601577759,1.3431987762451172,1.3431988954544067,medium,-0.30520641803741455,0.30520641803741455,-0.27086520195007324,0.27086520195007324,1.7683212412299711
272,hmi.m_45s.2017.06.15_00_01_30_TAI.magnetogram_processed.npy,1.3578712940216064,1.4503399133682251,1.3848298788070679,1.3848298788070679,low,0.092468619346618652,0.092468619346618652,0.026958584785461426,0.026958584785461426,1.7683212412299711
